<?xml version="1.0" encoding="UTF-8"?>
<CompileSettings>
    <ProjectSettings>
        <Content Scope="Included">
            <Filter State="Off" Exclude="No" Type="Label">
                <CollectionID>0676D34A-DC44-4DC2-95DC-808FDFA11695</CollectionID>
                <Label>-1</Label>
                <Status>-1</Status>
            </Filter>
        </Content>
        <Options>
            <RemoveComments>Yes</RemoveComments>
            <RemoveAnnotations>Yes</RemoveAnnotations>
            <ResampleImages DPI="72">No</ResampleImages>
            <ConvertTablesAndListToMMD>Yes</ConvertTablesAndListToMMD>
            <ConvertLinksToMMD>Yes</ConvertLinksToMMD>
            <PDF>
                <Cover Source="FrontMatter" Bleed="9.0" BleedUnits="pt"/>
                <Compression Enabled="No">
                    <ImageResolutionCompressionType>Set</ImageResolutionCompressionType>
                    <ImageResolution>150</ImageResolution>
                    <CompressionQuality>0.5</CompressionQuality>
                </Compression>
            </PDF>
            <Scriptwriting>
                <IncludeTitles>Yes</IncludeTitles>
                <IncludeSynopses>Yes</IncludeSynopses>
                <CommentsAsScriptNotes>Yes</CommentsAsScriptNotes>
            </Scriptwriting>
            <Ebook>
                <StartAfterFrontMatter>Yes</StartAfterFrontMatter>
                <Cover>
                    <ImageDocument Source="FrontMatter"/>
                    <Title>Cover</Title>
                    <SVG Width="600" Height="800"><![CDATA[]]></SVG>
                </Cover>
                <TOC PandocDepth="3">
                    <HTML Generate="Yes">
                        <Title>Contents</Title>
                    </HTML>
                </TOC>
            </Ebook>
        </Options>
        <MetaData>
            <ProjectTitle>Scrivener + Quarto Workflow</ProjectTitle>
            <ProjectAbbreviatedTitle>Scrivener + Quarto Workflow</ProjectAbbreviatedTitle>
            <EbookLanguage>en</EbookLanguage>
            <FountainTitlePageMetaData>
                <Value Key="Title"><![CDATA[<$projecttitle>]]></Value>
                <Value Key="Author"><![CDATA[<$author>]]></Value>
            </FountainTitlePageMetaData>
        </MetaData>
    </ProjectSettings>
    <CurrentFileType>mmd</CurrentFileType>
    <FormatSettings>
        <Format ID="08E57AE7-B0F7-4308-878D-59B7502E9C66">
            <SectionLayouts>
                <Type ID="2BDAD55B-C0B2-4756-B937-DFF7277AD29B">TEXT-WITH-HEADER</Type>
                <Type ID="7AB707F6-BEDE-46DB-89A3-5609757C208B">AS-IS</Type>
                <Type ID="6452C414-94A2-41E1-A014-A97B441B91F8">TEXT-WITH-HEADER</Type>
                <Type ID="82514BF5-E0E3-4741-98AE-F814CAE63244">AS-IS</Type>
            </SectionLayouts>
            <FrontAndBackMatter>
                <DefaultFrontMatter Add="Yes">6E166A5C-F0A7-4B33-9751-BD511DBF6F55</DefaultFrontMatter>
            </FrontAndBackMatter>
        </Format>
        <Format ID="0A1F664A-70CA-4EC4-AE34-262B667E4B14">
            <SectionLayouts>
                <Type ID="2BDAD55B-C0B2-4756-B937-DFF7277AD29B">TEXT-WITH-HEADER</Type>
                <Type ID="7AB707F6-BEDE-46DB-89A3-5609757C208B">AS-IS</Type>
                <Type ID="6452C414-94A2-41E1-A014-A97B441B91F8">TEXT-WITH-HEADER</Type>
                <Type ID="82514BF5-E0E3-4741-98AE-F814CAE63244">AS-IS</Type>
            </SectionLayouts>
            <FrontAndBackMatter>
                <DefaultFrontMatter Add="Yes">6E166A5C-F0A7-4B33-9751-BD511DBF6F55</DefaultFrontMatter>
            </FrontAndBackMatter>
        </Format>
        <Format ID="3044CFCE-9649-464C-AC51-E61292FC2B8E">
            <SectionLayouts>
                <Type ID="2BDAD55B-C0B2-4756-B937-DFF7277AD29B">NEW-PAGE-HEADER</Type>
                <Type ID="7AB707F6-BEDE-46DB-89A3-5609757C208B">AS-IS</Type>
                <Type ID="6452C414-94A2-41E1-A014-A97B441B91F8">TEXT-WITH-HEADER</Type>
                <Type ID="82514BF5-E0E3-4741-98AE-F814CAE63244">AS-IS</Type>
            </SectionLayouts>
            <FrontAndBackMatter>
                <DefaultFrontMatter Add="Yes">6E166A5C-F0A7-4B33-9751-BD511DBF6F55</DefaultFrontMatter>
            </FrontAndBackMatter>
        </Format>
        <Format ID="1F747FFD-2BC1-44FC-AA06-245D2FCF4D4B">
            <SectionLayouts>
                <Type ID="82514BF5-E0E3-4741-98AE-F814CAE63244">AS-IS</Type>
                <Type ID="2BDAD55B-C0B2-4756-B937-DFF7277AD29B">HEADER</Type>
                <Type ID="2CE86258-6E74-458B-9A30-80E4576FF4EB">AS-IS</Type>
                <Type ID="6452C414-94A2-41E1-A014-A97B441B91F8">TEXT-WITH-HEADER</Type>
                <Type ID="3F514CCD-B716-4FD0-8ACC-F1F2072B9F65">09333B7E-63C4-40B4-BD4C-F49B3426E403</Type>
                <Type ID="5AD39B0F-DA85-4B21-A533-830148C15C93">TEXT-SECTION</Type>
                <Type ID="5E0103DC-2589-4470-868C-28F73457CA91">B06D3BC4-2087-41C8-8C02-8C81D75EC61B</Type>
                <Type ID="E1F57C21-B7BF-4A4A-924D-5732E0EBB37D">AS-IS</Type>
                <Type ID="726E9003-C014-46B5-A0B3-3826F3DB8AD6">AS-IS</Type>
                <Type ID="8583DDA1-43B8-4264-8E76-A42DFCD15641">AS-IS</Type>
                <Type ID="DA258D28-E0C6-4A94-B17B-223EAD20F243">AS-IS</Type>
                <Type ID="C32620F1-3264-4C2B-8924-83F145E8E823">AS-IS</Type>
                <Type ID="19A9D861-5FE0-41EA-9F45-0C260B7C4533">AS-IS</Type>
                <Type ID="54B157A9-615C-494E-8350-0B6FC971E817">AS-IS</Type>
                <Type ID="75D4020F-486C-4DF6-8212-24981B8F3E50">AS-IS</Type>
                <Type ID="679A55AF-9F4D-44FD-A45C-662B050A3213">6B43B493-E551-4EC4-AEC5-5BA3C97CC0E2</Type>
                <Type ID="6C419904-1493-4703-846D-EBA2B91208E0">E33BA986-C163-43F7-80F2-349FB2B55E37</Type>
                <Type ID="E93F9107-A3D9-44D0-85BD-2F3F939276DC">8F7D1ED7-2B2D-4618-BD77-4DC6078128E4</Type>
                <Type ID="023D6712-1050-4148-9E55-7FB4F3277A1B">4433CBDF-5BAC-4295-B5B8-D56E4D3DCF4F</Type>
                <Type ID="83B637E9-CAAF-40E0-8A3C-C8EF70268325">AS-IS</Type>
                <Type ID="F613650E-1CDE-409A-A972-431F7E206746">27582763-AAC6-4F44-AE18-D432AAEEDCD0</Type>
                <Type ID="20DEA10D-14B0-49EC-884A-DFA9F5CAC03A">27582763-AAC6-4F44-AE18-D432AAEEDCD0</Type>
            </SectionLayouts>
            <FrontAndBackMatter>
                <DefaultFrontMatter Add="Yes">6E166A5C-F0A7-4B33-9751-BD511DBF6F55</DefaultFrontMatter>
            </FrontAndBackMatter>
        </Format>
        <Format ID="56405122-D9A1-4168-8844-3A914736D962">
            <SectionLayouts>
                <Type ID="2BDAD55B-C0B2-4756-B937-DFF7277AD29B">TEXT-WITH-HEADER</Type>
                <Type ID="7AB707F6-BEDE-46DB-89A3-5609757C208B">AS-IS</Type>
                <Type ID="6452C414-94A2-41E1-A014-A97B441B91F8">TEXT-WITH-HEADER</Type>
                <Type ID="82514BF5-E0E3-4741-98AE-F814CAE63244">AS-IS</Type>
            </SectionLayouts>
            <FrontAndBackMatter>
                <DefaultFrontMatter Add="Yes">6E166A5C-F0A7-4B33-9751-BD511DBF6F55</DefaultFrontMatter>
            </FrontAndBackMatter>
        </Format>
        <Format ID="757521A9-8EDB-45EE-8113-067812540B4E">
            <SectionLayouts>
                <Type ID="2BDAD55B-C0B2-4756-B937-DFF7277AD29B">TEXT-WITH-HEADER</Type>
                <Type ID="7AB707F6-BEDE-46DB-89A3-5609757C208B">AS-IS</Type>
                <Type ID="6452C414-94A2-41E1-A014-A97B441B91F8">TEXT-WITH-HEADER</Type>
                <Type ID="82514BF5-E0E3-4741-98AE-F814CAE63244">AS-IS</Type>
            </SectionLayouts>
            <FrontAndBackMatter>
                <DefaultFrontMatter Add="Yes">6E166A5C-F0A7-4B33-9751-BD511DBF6F55</DefaultFrontMatter>
            </FrontAndBackMatter>
        </Format>
        <Format ID="D42D2961-6AB4-4C56-A9DB-88FE1DC899DD">
            <SectionLayouts>
                <Type ID="2BDAD55B-C0B2-4756-B937-DFF7277AD29B">TEXT-WITH-HEADER</Type>
                <Type ID="7AB707F6-BEDE-46DB-89A3-5609757C208B">AS-IS</Type>
                <Type ID="6452C414-94A2-41E1-A014-A97B441B91F8">TEXT-WITH-HEADER</Type>
                <Type ID="82514BF5-E0E3-4741-98AE-F814CAE63244">AS-IS</Type>
            </SectionLayouts>
            <FrontAndBackMatter>
                <DefaultFrontMatter Add="Yes">6E166A5C-F0A7-4B33-9751-BD511DBF6F55</DefaultFrontMatter>
            </FrontAndBackMatter>
        </Format>
        <Format ID="B5396803-FCB4-4CB4-9A9D-8393F3CECC9F">
            <SectionLayouts>
                <Type ID="82514BF5-E0E3-4741-98AE-F814CAE63244">AS-IS</Type>
                <Type ID="2BDAD55B-C0B2-4756-B937-DFF7277AD29B">HEADER</Type>
                <Type ID="2CE86258-6E74-458B-9A30-80E4576FF4EB">AS-IS</Type>
                <Type ID="6452C414-94A2-41E1-A014-A97B441B91F8">TEXT-WITH-HEADER</Type>
                <Type ID="3F514CCD-B716-4FD0-8ACC-F1F2072B9F65">09333B7E-63C4-40B4-BD4C-F49B3426E403</Type>
                <Type ID="5AD39B0F-DA85-4B21-A533-830148C15C93">TEXT-SECTION</Type>
                <Type ID="5E0103DC-2589-4470-868C-28F73457CA91">B06D3BC4-2087-41C8-8C02-8C81D75EC61B</Type>
                <Type ID="E1F57C21-B7BF-4A4A-924D-5732E0EBB37D">AS-IS</Type>
                <Type ID="726E9003-C014-46B5-A0B3-3826F3DB8AD6">AS-IS</Type>
                <Type ID="8583DDA1-43B8-4264-8E76-A42DFCD15641">AS-IS</Type>
                <Type ID="DA258D28-E0C6-4A94-B17B-223EAD20F243">AS-IS</Type>
                <Type ID="C32620F1-3264-4C2B-8924-83F145E8E823">AS-IS</Type>
                <Type ID="19A9D861-5FE0-41EA-9F45-0C260B7C4533">AS-IS</Type>
                <Type ID="54B157A9-615C-494E-8350-0B6FC971E817">AS-IS</Type>
                <Type ID="75D4020F-486C-4DF6-8212-24981B8F3E50">AS-IS</Type>
                <Type ID="679A55AF-9F4D-44FD-A45C-662B050A3213">6B43B493-E551-4EC4-AEC5-5BA3C97CC0E2</Type>
                <Type ID="6C419904-1493-4703-846D-EBA2B91208E0">E33BA986-C163-43F7-80F2-349FB2B55E37</Type>
                <Type ID="E93F9107-A3D9-44D0-85BD-2F3F939276DC">8F7D1ED7-2B2D-4618-BD77-4DC6078128E4</Type>
                <Type ID="023D6712-1050-4148-9E55-7FB4F3277A1B">4433CBDF-5BAC-4295-B5B8-D56E4D3DCF4F</Type>
                <Type ID="83B637E9-CAAF-40E0-8A3C-C8EF70268325">AS-IS</Type>
                <Type ID="F613650E-1CDE-409A-A972-431F7E206746">27582763-AAC6-4F44-AE18-D432AAEEDCD0</Type>
                <Type ID="20DEA10D-14B0-49EC-884A-DFA9F5CAC03A">27582763-AAC6-4F44-AE18-D432AAEEDCD0</Type>
            </SectionLayouts>
            <FrontAndBackMatter>
                <DefaultFrontMatter Add="Yes">6E166A5C-F0A7-4B33-9751-BD511DBF6F55</DefaultFrontMatter>
            </FrontAndBackMatter>
        </Format>
        <Format ID="modern-ms">
            <SectionLayouts>
                <Type ID="2BDAD55B-C0B2-4756-B937-DFF7277AD29B">DC460EDE-9743-4708-A4E8-B101EAD328E4</Type>
                <Type ID="7AB707F6-BEDE-46DB-89A3-5609757C208B">AS-IS</Type>
                <Type ID="6452C414-94A2-41E1-A014-A97B441B91F8">21A46E64-6A8C-43C7-A721-81184399E77B</Type>
                <Type ID="82514BF5-E0E3-4741-98AE-F814CAE63244">AS-IS</Type>
            </SectionLayouts>
        </Format>
        <Format ID="EA244707-35BC-444E-A879-04275E6DEFA1">
            <SectionLayouts>
                <Type ID="2BDAD55B-C0B2-4756-B937-DFF7277AD29B">TEXT-WITH-HEADER</Type>
                <Type ID="7AB707F6-BEDE-46DB-89A3-5609757C208B">AS-IS</Type>
                <Type ID="6452C414-94A2-41E1-A014-A97B441B91F8">TEXT-WITH-HEADER</Type>
                <Type ID="82514BF5-E0E3-4741-98AE-F814CAE63244">AS-IS</Type>
            </SectionLayouts>
            <FrontAndBackMatter>
                <DefaultFrontMatter Add="Yes">6E166A5C-F0A7-4B33-9751-BD511DBF6F55</DefaultFrontMatter>
            </FrontAndBackMatter>
        </Format>
        <Format ID="EFB96498-6DB2-4338-A3B3-D4FDF956A450">
            <SectionLayouts>
                <Type ID="2BDAD55B-C0B2-4756-B937-DFF7277AD29B">TEXT-WITH-HEADER</Type>
                <Type ID="7AB707F6-BEDE-46DB-89A3-5609757C208B">AS-IS</Type>
                <Type ID="6452C414-94A2-41E1-A014-A97B441B91F8">TEXT-WITH-HEADER</Type>
                <Type ID="82514BF5-E0E3-4741-98AE-F814CAE63244">AS-IS</Type>
            </SectionLayouts>
            <FrontAndBackMatter>
                <DefaultFrontMatter Add="Yes">6E166A5C-F0A7-4B33-9751-BD511DBF6F55</DefaultFrontMatter>
            </FrontAndBackMatter>
        </Format>
        <Format ID="57A6F61F-F1DD-4DAA-8DC1-8E96E9533885">
            <SectionLayouts>
                <Type ID="2BDAD55B-C0B2-4756-B937-DFF7277AD29B">TEXT-WITH-HEADER</Type>
                <Type ID="7AB707F6-BEDE-46DB-89A3-5609757C208B">AS-IS</Type>
                <Type ID="6452C414-94A2-41E1-A014-A97B441B91F8">TEXT-WITH-HEADER</Type>
                <Type ID="82514BF5-E0E3-4741-98AE-F814CAE63244">AS-IS</Type>
            </SectionLayouts>
            <FrontAndBackMatter>
                <DefaultFrontMatter Add="Yes">6E166A5C-F0A7-4B33-9751-BD511DBF6F55</DefaultFrontMatter>
            </FrontAndBackMatter>
        </Format>
        <Format ID="26E1DCAE-43E1-47F4-88ED-387C8B8A7EAD">
            <SectionLayouts>
                <Type ID="2BDAD55B-C0B2-4756-B937-DFF7277AD29B">TEXT-WITH-HEADER</Type>
                <Type ID="7AB707F6-BEDE-46DB-89A3-5609757C208B">AS-IS</Type>
                <Type ID="6452C414-94A2-41E1-A014-A97B441B91F8">TEXT-WITH-HEADER</Type>
                <Type ID="82514BF5-E0E3-4741-98AE-F814CAE63244">AS-IS</Type>
            </SectionLayouts>
            <FrontAndBackMatter>
                <DefaultFrontMatter Add="Yes">6E166A5C-F0A7-4B33-9751-BD511DBF6F55</DefaultFrontMatter>
            </FrontAndBackMatter>
        </Format>
        <Format ID="81CB3F20-44A1-4B39-AD2E-C72BB8873881">
            <SectionLayouts>
                <Type ID="2BDAD55B-C0B2-4756-B937-DFF7277AD29B">TEXT-WITH-HEADER</Type>
                <Type ID="7AB707F6-BEDE-46DB-89A3-5609757C208B">AS-IS</Type>
                <Type ID="6452C414-94A2-41E1-A014-A97B441B91F8">TEXT-WITH-HEADER</Type>
                <Type ID="82514BF5-E0E3-4741-98AE-F814CAE63244">AS-IS</Type>
            </SectionLayouts>
            <FrontAndBackMatter>
                <DefaultFrontMatter Add="Yes">6E166A5C-F0A7-4B33-9751-BD511DBF6F55</DefaultFrontMatter>
            </FrontAndBackMatter>
        </Format>
        <Format ID="59D5A026-3541-49A7-A169-C2845C906651">
            <SectionLayouts>
                <Type ID="2BDAD55B-C0B2-4756-B937-DFF7277AD29B">TEXT-WITH-HEADER</Type>
                <Type ID="7AB707F6-BEDE-46DB-89A3-5609757C208B">AS-IS</Type>
                <Type ID="6452C414-94A2-41E1-A014-A97B441B91F8">TEXT-WITH-HEADER</Type>
                <Type ID="82514BF5-E0E3-4741-98AE-F814CAE63244">AS-IS</Type>
            </SectionLayouts>
            <FrontAndBackMatter>
                <DefaultFrontMatter Add="Yes">6E166A5C-F0A7-4B33-9751-BD511DBF6F55</DefaultFrontMatter>
            </FrontAndBackMatter>
        </Format>
        <Format ID="mmd-barebones">
            <FrontAndBackMatter>
                <DefaultFrontMatter Add="Yes">6E166A5C-F0A7-4B33-9751-BD511DBF6F55</DefaultFrontMatter>
            </FrontAndBackMatter>
        </Format>
        <Format ID="03F75240-DAFC-4DDA-A343-C950FC26A033">
            <SectionLayouts>
                <Type ID="82514BF5-E0E3-4741-98AE-F814CAE63244">AS-IS</Type>
                <Type ID="2BDAD55B-C0B2-4756-B937-DFF7277AD29B">HEADER</Type>
                <Type ID="2CE86258-6E74-458B-9A30-80E4576FF4EB">AS-IS</Type>
                <Type ID="6452C414-94A2-41E1-A014-A97B441B91F8">TEXT-WITH-HEADER</Type>
                <Type ID="3F514CCD-B716-4FD0-8ACC-F1F2072B9F65">09333B7E-63C4-40B4-BD4C-F49B3426E403</Type>
                <Type ID="5AD39B0F-DA85-4B21-A533-830148C15C93">TEXT-SECTION</Type>
                <Type ID="5E0103DC-2589-4470-868C-28F73457CA91">B06D3BC4-2087-41C8-8C02-8C81D75EC61B</Type>
                <Type ID="E1F57C21-B7BF-4A4A-924D-5732E0EBB37D">AS-IS</Type>
                <Type ID="726E9003-C014-46B5-A0B3-3826F3DB8AD6">AS-IS</Type>
                <Type ID="8583DDA1-43B8-4264-8E76-A42DFCD15641">AS-IS</Type>
                <Type ID="DA258D28-E0C6-4A94-B17B-223EAD20F243">AS-IS</Type>
                <Type ID="C32620F1-3264-4C2B-8924-83F145E8E823">AS-IS</Type>
                <Type ID="19A9D861-5FE0-41EA-9F45-0C260B7C4533">AS-IS</Type>
                <Type ID="54B157A9-615C-494E-8350-0B6FC971E817">AS-IS</Type>
                <Type ID="75D4020F-486C-4DF6-8212-24981B8F3E50">AS-IS</Type>
                <Type ID="679A55AF-9F4D-44FD-A45C-662B050A3213">6B43B493-E551-4EC4-AEC5-5BA3C97CC0E2</Type>
                <Type ID="6C419904-1493-4703-846D-EBA2B91208E0">E33BA986-C163-43F7-80F2-349FB2B55E37</Type>
                <Type ID="E93F9107-A3D9-44D0-85BD-2F3F939276DC">8F7D1ED7-2B2D-4618-BD77-4DC6078128E4</Type>
                <Type ID="023D6712-1050-4148-9E55-7FB4F3277A1B">4433CBDF-5BAC-4295-B5B8-D56E4D3DCF4F</Type>
                <Type ID="83B637E9-CAAF-40E0-8A3C-C8EF70268325">AS-IS</Type>
                <Type ID="F613650E-1CDE-409A-A972-431F7E206746">27582763-AAC6-4F44-AE18-D432AAEEDCD0</Type>
                <Type ID="20DEA10D-14B0-49EC-884A-DFA9F5CAC03A">27582763-AAC6-4F44-AE18-D432AAEEDCD0</Type>
            </SectionLayouts>
            <FrontAndBackMatter>
                <DefaultFrontMatter Add="Yes">6E166A5C-F0A7-4B33-9751-BD511DBF6F55</DefaultFrontMatter>
            </FrontAndBackMatter>
        </Format>
        <Format ID="DEFAULT">
            <SectionLayouts>
                <Type ID="2BDAD55B-C0B2-4756-B937-DFF7277AD29B">NEW-PAGE-HEADER-WITH-TEXT</Type>
                <Type ID="6452C414-94A2-41E1-A014-A97B441B91F8">TEXT-SECTION</Type>
            </SectionLayouts>
        </Format>
        <Format ID="7E638EC3-CE71-4B98-8C41-BA0CC3A7D615">
            <SectionLayouts>
                <Type ID="82514BF5-E0E3-4741-98AE-F814CAE63244">AS-IS</Type>
                <Type ID="2BDAD55B-C0B2-4756-B937-DFF7277AD29B">HEADER</Type>
                <Type ID="2CE86258-6E74-458B-9A30-80E4576FF4EB">AS-IS</Type>
                <Type ID="6452C414-94A2-41E1-A014-A97B441B91F8">TEXT-WITH-HEADER</Type>
                <Type ID="3F514CCD-B716-4FD0-8ACC-F1F2072B9F65">09333B7E-63C4-40B4-BD4C-F49B3426E403</Type>
                <Type ID="5AD39B0F-DA85-4B21-A533-830148C15C93">TEXT-SECTION</Type>
                <Type ID="5E0103DC-2589-4470-868C-28F73457CA91">B06D3BC4-2087-41C8-8C02-8C81D75EC61B</Type>
                <Type ID="E1F57C21-B7BF-4A4A-924D-5732E0EBB37D">AS-IS</Type>
                <Type ID="726E9003-C014-46B5-A0B3-3826F3DB8AD6">AS-IS</Type>
                <Type ID="8583DDA1-43B8-4264-8E76-A42DFCD15641">AS-IS</Type>
                <Type ID="DA258D28-E0C6-4A94-B17B-223EAD20F243">AS-IS</Type>
                <Type ID="C32620F1-3264-4C2B-8924-83F145E8E823">AS-IS</Type>
                <Type ID="19A9D861-5FE0-41EA-9F45-0C260B7C4533">AS-IS</Type>
                <Type ID="54B157A9-615C-494E-8350-0B6FC971E817">AS-IS</Type>
                <Type ID="75D4020F-486C-4DF6-8212-24981B8F3E50">AS-IS</Type>
                <Type ID="679A55AF-9F4D-44FD-A45C-662B050A3213">6B43B493-E551-4EC4-AEC5-5BA3C97CC0E2</Type>
                <Type ID="6C419904-1493-4703-846D-EBA2B91208E0">E33BA986-C163-43F7-80F2-349FB2B55E37</Type>
                <Type ID="E93F9107-A3D9-44D0-85BD-2F3F939276DC">8F7D1ED7-2B2D-4618-BD77-4DC6078128E4</Type>
                <Type ID="023D6712-1050-4148-9E55-7FB4F3277A1B">4433CBDF-5BAC-4295-B5B8-D56E4D3DCF4F</Type>
                <Type ID="83B637E9-CAAF-40E0-8A3C-C8EF70268325">AS-IS</Type>
                <Type ID="F613650E-1CDE-409A-A972-431F7E206746">27582763-AAC6-4F44-AE18-D432AAEEDCD0</Type>
                <Type ID="20DEA10D-14B0-49EC-884A-DFA9F5CAC03A">27582763-AAC6-4F44-AE18-D432AAEEDCD0</Type>
            </SectionLayouts>
            <FrontAndBackMatter>
                <DefaultFrontMatter Add="Yes">6E166A5C-F0A7-4B33-9751-BD511DBF6F55</DefaultFrontMatter>
            </FrontAndBackMatter>
        </Format>
        <Format ID="2CC25986-C2E9-4EF1-8A0A-42AEDAF479F3">
            <SectionLayouts>
                <Type ID="2BDAD55B-C0B2-4756-B937-DFF7277AD29B">TEXT-WITH-HEADER</Type>
                <Type ID="7AB707F6-BEDE-46DB-89A3-5609757C208B">AS-IS</Type>
                <Type ID="6452C414-94A2-41E1-A014-A97B441B91F8">TEXT-WITH-HEADER</Type>
                <Type ID="82514BF5-E0E3-4741-98AE-F814CAE63244">AS-IS</Type>
            </SectionLayouts>
            <FrontAndBackMatter>
                <DefaultFrontMatter Add="Yes">6E166A5C-F0A7-4B33-9751-BD511DBF6F55</DefaultFrontMatter>
            </FrontAndBackMatter>
        </Format>
    </FormatSettings>
    <LastUsedFormats>
        <Print>3044CFCE-9649-464C-AC51-E61292FC2B8E</Print>
        <mmd>7E638EC3-CE71-4B98-8C41-BA0CC3A7D615</mmd>
        <mmd-html>mmd-barebones</mmd-html>
        <pdf>modern-ms</pdf>
        <html>modern-ms</html>
    </LastUsedFormats>
</CompileSettings>