<?xml version="1.0" encoding="UTF-8"?>
<CompileSettings>
    <ProjectSettings>
        <Content Scope="All">
            <Filter State="Off" Exclude="No" Type="Status">
                <CollectionID>0676D34A-DC44-4DC2-95DC-808FDFA11695</CollectionID>
                <Label>-1</Label>
                <Status>-1</Status>
            </Filter>
        </Content>
        <Replacements>
            <Replacement Ignore="Yes" CaseSensitive="Yes">
                <Replace><![CDATA[««AB»»]]></Replace>
                <With><![CDATA[{<$custom:ID> <$custom:Class> <$custom:Attributes> width=<$custom:Width> height=<$custom:Height>} ]]></With>
            </Replacement>
        </Replacements>
        <Options>
            <RemoveComments>Yes</RemoveComments>
            <RemoveAnnotations>Yes</RemoveAnnotations>
            <ResampleImages DPI="72">No</ResampleImages>
            <ConvertTablesAndListToMMD>Yes</ConvertTablesAndListToMMD>
            <ConvertLinksToMMD>Yes</ConvertLinksToMMD>
            <PDF>
                <Cover Source="FrontMatter" Bleed="9.0" BleedUnits="pt"/>
                <Compression Enabled="No">
                    <ImageResolutionCompressionType>Set</ImageResolutionCompressionType>
                    <ImageResolution>150</ImageResolution>
                    <CompressionQuality>0.5</CompressionQuality>
                </Compression>
            </PDF>
            <Scriptwriting>
                <IncludeTitles>Yes</IncludeTitles>
                <IncludeSynopses>Yes</IncludeSynopses>
                <CommentsAsScriptNotes>Yes</CommentsAsScriptNotes>
            </Scriptwriting>
            <Ebook>
                <StartAfterFrontMatter>Yes</StartAfterFrontMatter>
                <Cover>
                    <ImageDocument Source="FrontMatter"/>
                    <Title>Cover</Title>
                    <SVG Width="600" Height="800"><![CDATA[]]></SVG>
                </Cover>
                <TOC PandocDepth="3">
                    <HTML Generate="Yes">
                        <Title>Contents</Title>
                    </HTML>
                </TOC>
            </Ebook>
        </Options>
        <MetaData>
            <ProjectTitle>Scrivener + Quarto Workflow</ProjectTitle>
            <ProjectAbbreviatedTitle>Scrivener + Quarto Workflow</ProjectAbbreviatedTitle>
            <EbookLanguage>en</EbookLanguage>
            <FountainTitlePageMetaData>
                <Value Key="Title"><![CDATA[<$projecttitle>]]></Value>
                <Value Key="Author"><![CDATA[<$author>]]></Value>
            </FountainTitlePageMetaData>
        </MetaData>
    </ProjectSettings>
    <CurrentFileType>mmd</CurrentFileType>
    <FormatSettings>
        <Format ID="26E1DCAE-43E1-47F4-88ED-387C8B8A7EAD">
            <SectionLayouts>
                <Type ID="2BDAD55B-C0B2-4756-B937-DFF7277AD29B">TEXT-WITH-HEADER</Type>
                <Type ID="7AB707F6-BEDE-46DB-89A3-5609757C208B">AS-IS</Type>
                <Type ID="6452C414-94A2-41E1-A014-A97B441B91F8">TEXT-WITH-HEADER</Type>
                <Type ID="82514BF5-E0E3-4741-98AE-F814CAE63244">AS-IS</Type>
            </SectionLayouts>
            <FrontAndBackMatter>
                <DefaultFrontMatter Add="Yes">6E166A5C-F0A7-4B33-9751-BD511DBF6F55</DefaultFrontMatter>
            </FrontAndBackMatter>
        </Format>
        <Format ID="4ED07AB2-2F95-4E67-AE1D-F4409CAD055F">
            <SectionLayouts>
                <Type ID="82514BF5-E0E3-4741-98AE-F814CAE63244">AS-IS</Type>
                <Type ID="2BDAD55B-C0B2-4756-B937-DFF7277AD29B">AS-IS</Type>
                <Type ID="2CE86258-6E74-458B-9A30-80E4576FF4EB">ABFCEFAA-A92A-4FAE-8F6E-90C95E754561</Type>
                <Type ID="6452C414-94A2-41E1-A014-A97B441B91F8">TEXT-WITH-HEADER</Type>
                <Type ID="3F514CCD-B716-4FD0-8ACC-F1F2072B9F65">09333B7E-63C4-40B4-BD4C-F49B3426E403</Type>
                <Type ID="5AD39B0F-DA85-4B21-A533-830148C15C93">TEXT-SECTION</Type>
                <Type ID="52D3A058-E83B-4CAD-B905-648F31414B9B">1C54B3C9-7624-4C3B-960F-C9BCB09B61A3</Type>
                <Type ID="C335CD73-E248-48CB-9E43-BABA1C8683F5">EC77AF77-0B5E-4113-8E2C-BE8A6223E589</Type>
                <Type ID="5E0103DC-2589-4470-868C-28F73457CA91">B06D3BC4-2087-41C8-8C02-8C81D75EC61B</Type>
                <Type ID="E1F57C21-B7BF-4A4A-924D-5732E0EBB37D">AS-IS</Type>
                <Type ID="726E9003-C014-46B5-A0B3-3826F3DB8AD6">AS-IS</Type>
                <Type ID="8583DDA1-43B8-4264-8E76-A42DFCD15641">AS-IS</Type>
                <Type ID="DA258D28-E0C6-4A94-B17B-223EAD20F243">BEABB9B0-084F-4071-A780-A04FBF86716F</Type>
                <Type ID="C32620F1-3264-4C2B-8924-83F145E8E823">AS-IS</Type>
                <Type ID="19A9D861-5FE0-41EA-9F45-0C260B7C4533">AS-IS</Type>
                <Type ID="54B157A9-615C-494E-8350-0B6FC971E817">AS-IS</Type>
                <Type ID="75D4020F-486C-4DF6-8212-24981B8F3E50">AS-IS</Type>
                <Type ID="679A55AF-9F4D-44FD-A45C-662B050A3213">6B43B493-E551-4EC4-AEC5-5BA3C97CC0E2</Type>
                <Type ID="6C419904-1493-4703-846D-EBA2B91208E0">E33BA986-C163-43F7-80F2-349FB2B55E37</Type>
                <Type ID="E93F9107-A3D9-44D0-85BD-2F3F939276DC">8F7D1ED7-2B2D-4618-BD77-4DC6078128E4</Type>
                <Type ID="023D6712-1050-4148-9E55-7FB4F3277A1B">4433CBDF-5BAC-4295-B5B8-D56E4D3DCF4F</Type>
                <Type ID="83B637E9-CAAF-40E0-8A3C-C8EF70268325">AS-IS</Type>
                <Type ID="F613650E-1CDE-409A-A972-431F7E206746">27582763-AAC6-4F44-AE18-D432AAEEDCD0</Type>
                <Type ID="20DEA10D-14B0-49EC-884A-DFA9F5CAC03A">27582763-AAC6-4F44-AE18-D432AAEEDCD0</Type>
                <Type ID="18814617-764A-4EA3-A1B7-F190D2D86BCB">2D88BAAC-59DB-47E1-ACEB-E7896F488E17</Type>
            </SectionLayouts>
            <FrontAndBackMatter>
                <DefaultFrontMatter Add="Yes">6E166A5C-F0A7-4B33-9751-BD511DBF6F55</DefaultFrontMatter>
            </FrontAndBackMatter>
        </Format>
        <Format ID="C8A7326E-CC16-4848-A695-52B371C98C22">
            <SectionLayouts>
                <Type ID="82514BF5-E0E3-4741-98AE-F814CAE63244">AS-IS</Type>
                <Type ID="2BDAD55B-C0B2-4756-B937-DFF7277AD29B">AS-IS</Type>
                <Type ID="2CE86258-6E74-458B-9A30-80E4576FF4EB">ABFCEFAA-A92A-4FAE-8F6E-90C95E754561</Type>
                <Type ID="6452C414-94A2-41E1-A014-A97B441B91F8">TEXT-WITH-HEADER</Type>
                <Type ID="3F514CCD-B716-4FD0-8ACC-F1F2072B9F65">09333B7E-63C4-40B4-BD4C-F49B3426E403</Type>
                <Type ID="5AD39B0F-DA85-4B21-A533-830148C15C93">TEXT-SECTION</Type>
                <Type ID="52D3A058-E83B-4CAD-B905-648F31414B9B">1C54B3C9-7624-4C3B-960F-C9BCB09B61A3</Type>
                <Type ID="C335CD73-E248-48CB-9E43-BABA1C8683F5">EC77AF77-0B5E-4113-8E2C-BE8A6223E589</Type>
                <Type ID="5E0103DC-2589-4470-868C-28F73457CA91">B06D3BC4-2087-41C8-8C02-8C81D75EC61B</Type>
                <Type ID="E1F57C21-B7BF-4A4A-924D-5732E0EBB37D">AS-IS</Type>
                <Type ID="726E9003-C014-46B5-A0B3-3826F3DB8AD6">AS-IS</Type>
                <Type ID="8583DDA1-43B8-4264-8E76-A42DFCD15641">AS-IS</Type>
                <Type ID="DA258D28-E0C6-4A94-B17B-223EAD20F243">BEABB9B0-084F-4071-A780-A04FBF86716F</Type>
                <Type ID="C32620F1-3264-4C2B-8924-83F145E8E823">AS-IS</Type>
                <Type ID="19A9D861-5FE0-41EA-9F45-0C260B7C4533">AS-IS</Type>
                <Type ID="54B157A9-615C-494E-8350-0B6FC971E817">AS-IS</Type>
                <Type ID="75D4020F-486C-4DF6-8212-24981B8F3E50">AS-IS</Type>
                <Type ID="679A55AF-9F4D-44FD-A45C-662B050A3213">6B43B493-E551-4EC4-AEC5-5BA3C97CC0E2</Type>
                <Type ID="6C419904-1493-4703-846D-EBA2B91208E0">E33BA986-C163-43F7-80F2-349FB2B55E37</Type>
                <Type ID="E93F9107-A3D9-44D0-85BD-2F3F939276DC">8F7D1ED7-2B2D-4618-BD77-4DC6078128E4</Type>
                <Type ID="023D6712-1050-4148-9E55-7FB4F3277A1B">4433CBDF-5BAC-4295-B5B8-D56E4D3DCF4F</Type>
                <Type ID="83B637E9-CAAF-40E0-8A3C-C8EF70268325">AS-IS</Type>
                <Type ID="F613650E-1CDE-409A-A972-431F7E206746">27582763-AAC6-4F44-AE18-D432AAEEDCD0</Type>
                <Type ID="20DEA10D-14B0-49EC-884A-DFA9F5CAC03A">27582763-AAC6-4F44-AE18-D432AAEEDCD0</Type>
                <Type ID="18814617-764A-4EA3-A1B7-F190D2D86BCB">2D88BAAC-59DB-47E1-ACEB-E7896F488E17</Type>
            </SectionLayouts>
            <FrontAndBackMatter>
                <DefaultFrontMatter Add="Yes">6E166A5C-F0A7-4B33-9751-BD511DBF6F55</DefaultFrontMatter>
            </FrontAndBackMatter>
        </Format>
        <Format ID="03F75240-DAFC-4DDA-A343-C950FC26A033">
            <SectionLayouts>
                <Type ID="82514BF5-E0E3-4741-98AE-F814CAE63244">AS-IS</Type>
                <Type ID="2BDAD55B-C0B2-4756-B937-DFF7277AD29B">HEADER</Type>
                <Type ID="2CE86258-6E74-458B-9A30-80E4576FF4EB">ABFCEFAA-A92A-4FAE-8F6E-90C95E754561</Type>
                <Type ID="6452C414-94A2-41E1-A014-A97B441B91F8">TEXT-WITH-HEADER</Type>
                <Type ID="3F514CCD-B716-4FD0-8ACC-F1F2072B9F65">09333B7E-63C4-40B4-BD4C-F49B3426E403</Type>
                <Type ID="5AD39B0F-DA85-4B21-A533-830148C15C93">TEXT-SECTION</Type>
                <Type ID="52D3A058-E83B-4CAD-B905-648F31414B9B">39C860A9-D5A7-4A6C-B498-D35E8497461B</Type>
                <Type ID="C335CD73-E248-48CB-9E43-BABA1C8683F5">B2C61FA1-2C90-4DA8-93EE-24301BF30686</Type>
                <Type ID="5E0103DC-2589-4470-868C-28F73457CA91">B06D3BC4-2087-41C8-8C02-8C81D75EC61B</Type>
                <Type ID="E1F57C21-B7BF-4A4A-924D-5732E0EBB37D">AS-IS</Type>
                <Type ID="726E9003-C014-46B5-A0B3-3826F3DB8AD6">AS-IS</Type>
                <Type ID="8583DDA1-43B8-4264-8E76-A42DFCD15641">AS-IS</Type>
                <Type ID="DA258D28-E0C6-4A94-B17B-223EAD20F243">BEABB9B0-084F-4071-A780-A04FBF86716F</Type>
                <Type ID="C32620F1-3264-4C2B-8924-83F145E8E823">AS-IS</Type>
                <Type ID="19A9D861-5FE0-41EA-9F45-0C260B7C4533">AS-IS</Type>
                <Type ID="54B157A9-615C-494E-8350-0B6FC971E817">AS-IS</Type>
                <Type ID="75D4020F-486C-4DF6-8212-24981B8F3E50">AS-IS</Type>
                <Type ID="679A55AF-9F4D-44FD-A45C-662B050A3213">6B43B493-E551-4EC4-AEC5-5BA3C97CC0E2</Type>
                <Type ID="6C419904-1493-4703-846D-EBA2B91208E0">E33BA986-C163-43F7-80F2-349FB2B55E37</Type>
                <Type ID="E93F9107-A3D9-44D0-85BD-2F3F939276DC">8F7D1ED7-2B2D-4618-BD77-4DC6078128E4</Type>
                <Type ID="023D6712-1050-4148-9E55-7FB4F3277A1B">4433CBDF-5BAC-4295-B5B8-D56E4D3DCF4F</Type>
                <Type ID="83B637E9-CAAF-40E0-8A3C-C8EF70268325">AS-IS</Type>
                <Type ID="F613650E-1CDE-409A-A972-431F7E206746">27582763-AAC6-4F44-AE18-D432AAEEDCD0</Type>
                <Type ID="20DEA10D-14B0-49EC-884A-DFA9F5CAC03A">27582763-AAC6-4F44-AE18-D432AAEEDCD0</Type>
            </SectionLayouts>
            <FrontAndBackMatter>
                <DefaultFrontMatter Add="Yes">6E166A5C-F0A7-4B33-9751-BD511DBF6F55</DefaultFrontMatter>
            </FrontAndBackMatter>
        </Format>
        <Format ID="modern-ms">
            <SectionLayouts>
                <Type ID="2BDAD55B-C0B2-4756-B937-DFF7277AD29B">DC460EDE-9743-4708-A4E8-B101EAD328E4</Type>
                <Type ID="6452C414-94A2-41E1-A014-A97B441B91F8">21A46E64-6A8C-43C7-A721-81184399E77B</Type>
                <Type ID="82514BF5-E0E3-4741-98AE-F814CAE63244">AS-IS</Type>
            </SectionLayouts>
        </Format>
        <Format ID="7E638EC3-CE71-4B98-8C41-BA0CC3A7D615">
            <SectionLayouts>
                <Type ID="82514BF5-E0E3-4741-98AE-F814CAE63244">AS-IS</Type>
                <Type ID="2BDAD55B-C0B2-4756-B937-DFF7277AD29B">HEADER</Type>
                <Type ID="2CE86258-6E74-458B-9A30-80E4576FF4EB">AS-IS</Type>
                <Type ID="6452C414-94A2-41E1-A014-A97B441B91F8">TEXT-WITH-HEADER</Type>
                <Type ID="3F514CCD-B716-4FD0-8ACC-F1F2072B9F65">09333B7E-63C4-40B4-BD4C-F49B3426E403</Type>
                <Type ID="5AD39B0F-DA85-4B21-A533-830148C15C93">TEXT-SECTION</Type>
                <Type ID="5E0103DC-2589-4470-868C-28F73457CA91">B06D3BC4-2087-41C8-8C02-8C81D75EC61B</Type>
                <Type ID="E1F57C21-B7BF-4A4A-924D-5732E0EBB37D">AS-IS</Type>
                <Type ID="726E9003-C014-46B5-A0B3-3826F3DB8AD6">AS-IS</Type>
                <Type ID="8583DDA1-43B8-4264-8E76-A42DFCD15641">AS-IS</Type>
                <Type ID="DA258D28-E0C6-4A94-B17B-223EAD20F243">AS-IS</Type>
                <Type ID="C32620F1-3264-4C2B-8924-83F145E8E823">AS-IS</Type>
                <Type ID="19A9D861-5FE0-41EA-9F45-0C260B7C4533">AS-IS</Type>
                <Type ID="54B157A9-615C-494E-8350-0B6FC971E817">AS-IS</Type>
                <Type ID="75D4020F-486C-4DF6-8212-24981B8F3E50">AS-IS</Type>
                <Type ID="679A55AF-9F4D-44FD-A45C-662B050A3213">6B43B493-E551-4EC4-AEC5-5BA3C97CC0E2</Type>
                <Type ID="6C419904-1493-4703-846D-EBA2B91208E0">E33BA986-C163-43F7-80F2-349FB2B55E37</Type>
                <Type ID="E93F9107-A3D9-44D0-85BD-2F3F939276DC">8F7D1ED7-2B2D-4618-BD77-4DC6078128E4</Type>
                <Type ID="023D6712-1050-4148-9E55-7FB4F3277A1B">4433CBDF-5BAC-4295-B5B8-D56E4D3DCF4F</Type>
                <Type ID="83B637E9-CAAF-40E0-8A3C-C8EF70268325">AS-IS</Type>
                <Type ID="F613650E-1CDE-409A-A972-431F7E206746">27582763-AAC6-4F44-AE18-D432AAEEDCD0</Type>
                <Type ID="20DEA10D-14B0-49EC-884A-DFA9F5CAC03A">27582763-AAC6-4F44-AE18-D432AAEEDCD0</Type>
            </SectionLayouts>
            <FrontAndBackMatter>
                <DefaultFrontMatter Add="Yes">6E166A5C-F0A7-4B33-9751-BD511DBF6F55</DefaultFrontMatter>
            </FrontAndBackMatter>
        </Format>
        <Format ID="757521A9-8EDB-45EE-8113-067812540B4E">
            <SectionLayouts>
                <Type ID="2BDAD55B-C0B2-4756-B937-DFF7277AD29B">TEXT-WITH-HEADER</Type>
                <Type ID="7AB707F6-BEDE-46DB-89A3-5609757C208B">AS-IS</Type>
                <Type ID="6452C414-94A2-41E1-A014-A97B441B91F8">TEXT-WITH-HEADER</Type>
                <Type ID="82514BF5-E0E3-4741-98AE-F814CAE63244">AS-IS</Type>
            </SectionLayouts>
            <FrontAndBackMatter>
                <DefaultFrontMatter Add="Yes">6E166A5C-F0A7-4B33-9751-BD511DBF6F55</DefaultFrontMatter>
            </FrontAndBackMatter>
        </Format>
        <Format ID="81CB3F20-44A1-4B39-AD2E-C72BB8873881">
            <SectionLayouts>
                <Type ID="2BDAD55B-C0B2-4756-B937-DFF7277AD29B">TEXT-WITH-HEADER</Type>
                <Type ID="7AB707F6-BEDE-46DB-89A3-5609757C208B">AS-IS</Type>
                <Type ID="6452C414-94A2-41E1-A014-A97B441B91F8">TEXT-WITH-HEADER</Type>
                <Type ID="82514BF5-E0E3-4741-98AE-F814CAE63244">AS-IS</Type>
            </SectionLayouts>
            <FrontAndBackMatter>
                <DefaultFrontMatter Add="Yes">6E166A5C-F0A7-4B33-9751-BD511DBF6F55</DefaultFrontMatter>
            </FrontAndBackMatter>
        </Format>
        <Format ID="59D5A026-3541-49A7-A169-C2845C906651">
            <SectionLayouts>
                <Type ID="2BDAD55B-C0B2-4756-B937-DFF7277AD29B">TEXT-WITH-HEADER</Type>
                <Type ID="7AB707F6-BEDE-46DB-89A3-5609757C208B">AS-IS</Type>
                <Type ID="6452C414-94A2-41E1-A014-A97B441B91F8">TEXT-WITH-HEADER</Type>
                <Type ID="82514BF5-E0E3-4741-98AE-F814CAE63244">AS-IS</Type>
            </SectionLayouts>
            <FrontAndBackMatter>
                <DefaultFrontMatter Add="Yes">6E166A5C-F0A7-4B33-9751-BD511DBF6F55</DefaultFrontMatter>
            </FrontAndBackMatter>
        </Format>
        <Format ID="5DCA495B-B1B4-443E-BB5D-EEDE70B81C89">
            <SectionLayouts>
                <Type ID="82514BF5-E0E3-4741-98AE-F814CAE63244">AS-IS</Type>
                <Type ID="2BDAD55B-C0B2-4756-B937-DFF7277AD29B">AS-IS</Type>
                <Type ID="2CE86258-6E74-458B-9A30-80E4576FF4EB">DC460EDE-9743-4708-A4E8-B101EAD328E4</Type>
                <Type ID="6452C414-94A2-41E1-A014-A97B441B91F8">D1C35F4C-792E-49A2-BBBE-E6842C9C0FA0</Type>
                <Type ID="3F514CCD-B716-4FD0-8ACC-F1F2072B9F65">D1848966-5D15-4080-B5FA-EDC5063123B0</Type>
                <Type ID="5AD39B0F-DA85-4B21-A533-830148C15C93">TEXT-SECTION</Type>
                <Type ID="52D3A058-E83B-4CAD-B905-648F31414B9B">923B5D83-D682-4091-A4FF-3F87A49A2AD0</Type>
                <Type ID="5E0103DC-2589-4470-868C-28F73457CA91">AS-IS</Type>
                <Type ID="E1F57C21-B7BF-4A4A-924D-5732E0EBB37D">AS-IS</Type>
                <Type ID="726E9003-C014-46B5-A0B3-3826F3DB8AD6">AS-IS</Type>
                <Type ID="8583DDA1-43B8-4264-8E76-A42DFCD15641">AS-IS</Type>
                <Type ID="DA258D28-E0C6-4A94-B17B-223EAD20F243">AS-IS</Type>
                <Type ID="C32620F1-3264-4C2B-8924-83F145E8E823">AS-IS</Type>
                <Type ID="19A9D861-5FE0-41EA-9F45-0C260B7C4533">AS-IS</Type>
                <Type ID="54B157A9-615C-494E-8350-0B6FC971E817">AS-IS</Type>
                <Type ID="75D4020F-486C-4DF6-8212-24981B8F3E50">AS-IS</Type>
                <Type ID="679A55AF-9F4D-44FD-A45C-662B050A3213">AS-IS</Type>
                <Type ID="6C419904-1493-4703-846D-EBA2B91208E0">AS-IS</Type>
                <Type ID="E93F9107-A3D9-44D0-85BD-2F3F939276DC">AS-IS</Type>
                <Type ID="023D6712-1050-4148-9E55-7FB4F3277A1B">AS-IS</Type>
                <Type ID="83B637E9-CAAF-40E0-8A3C-C8EF70268325">AS-IS</Type>
                <Type ID="F613650E-1CDE-409A-A972-431F7E206746">AS-IS</Type>
                <Type ID="20DEA10D-14B0-49EC-884A-DFA9F5CAC03A">AS-IS</Type>
            </SectionLayouts>
        </Format>
        <Format ID="57A6F61F-F1DD-4DAA-8DC1-8E96E9533885">
            <SectionLayouts>
                <Type ID="2BDAD55B-C0B2-4756-B937-DFF7277AD29B">TEXT-WITH-HEADER</Type>
                <Type ID="7AB707F6-BEDE-46DB-89A3-5609757C208B">AS-IS</Type>
                <Type ID="6452C414-94A2-41E1-A014-A97B441B91F8">TEXT-WITH-HEADER</Type>
                <Type ID="82514BF5-E0E3-4741-98AE-F814CAE63244">AS-IS</Type>
            </SectionLayouts>
            <FrontAndBackMatter>
                <DefaultFrontMatter Add="Yes">6E166A5C-F0A7-4B33-9751-BD511DBF6F55</DefaultFrontMatter>
            </FrontAndBackMatter>
        </Format>
        <Format ID="0A1F664A-70CA-4EC4-AE34-262B667E4B14">
            <SectionLayouts>
                <Type ID="2BDAD55B-C0B2-4756-B937-DFF7277AD29B">TEXT-WITH-HEADER</Type>
                <Type ID="7AB707F6-BEDE-46DB-89A3-5609757C208B">AS-IS</Type>
                <Type ID="6452C414-94A2-41E1-A014-A97B441B91F8">TEXT-WITH-HEADER</Type>
                <Type ID="82514BF5-E0E3-4741-98AE-F814CAE63244">AS-IS</Type>
            </SectionLayouts>
            <FrontAndBackMatter>
                <DefaultFrontMatter Add="Yes">6E166A5C-F0A7-4B33-9751-BD511DBF6F55</DefaultFrontMatter>
            </FrontAndBackMatter>
        </Format>
        <Format ID="82273CF7-A6D4-4A9B-BF2F-6E0F7AFDF1BA">
            <SectionLayouts>
                <Type ID="82514BF5-E0E3-4741-98AE-F814CAE63244">AS-IS</Type>
                <Type ID="2BDAD55B-C0B2-4756-B937-DFF7277AD29B">AS-IS</Type>
                <Type ID="2CE86258-6E74-458B-9A30-80E4576FF4EB">ABFCEFAA-A92A-4FAE-8F6E-90C95E754561</Type>
                <Type ID="6452C414-94A2-41E1-A014-A97B441B91F8">TEXT-WITH-HEADER</Type>
                <Type ID="3F514CCD-B716-4FD0-8ACC-F1F2072B9F65">09333B7E-63C4-40B4-BD4C-F49B3426E403</Type>
                <Type ID="5AD39B0F-DA85-4B21-A533-830148C15C93">TEXT-SECTION</Type>
                <Type ID="52D3A058-E83B-4CAD-B905-648F31414B9B">1C54B3C9-7624-4C3B-960F-C9BCB09B61A3</Type>
                <Type ID="C335CD73-E248-48CB-9E43-BABA1C8683F5">EC77AF77-0B5E-4113-8E2C-BE8A6223E589</Type>
                <Type ID="5E0103DC-2589-4470-868C-28F73457CA91">B06D3BC4-2087-41C8-8C02-8C81D75EC61B</Type>
                <Type ID="E1F57C21-B7BF-4A4A-924D-5732E0EBB37D">AS-IS</Type>
                <Type ID="726E9003-C014-46B5-A0B3-3826F3DB8AD6">AS-IS</Type>
                <Type ID="8583DDA1-43B8-4264-8E76-A42DFCD15641">AS-IS</Type>
                <Type ID="DA258D28-E0C6-4A94-B17B-223EAD20F243">BEABB9B0-084F-4071-A780-A04FBF86716F</Type>
                <Type ID="C32620F1-3264-4C2B-8924-83F145E8E823">AS-IS</Type>
                <Type ID="19A9D861-5FE0-41EA-9F45-0C260B7C4533">AS-IS</Type>
                <Type ID="54B157A9-615C-494E-8350-0B6FC971E817">AS-IS</Type>
                <Type ID="75D4020F-486C-4DF6-8212-24981B8F3E50">AS-IS</Type>
                <Type ID="679A55AF-9F4D-44FD-A45C-662B050A3213">6B43B493-E551-4EC4-AEC5-5BA3C97CC0E2</Type>
                <Type ID="6C419904-1493-4703-846D-EBA2B91208E0">E33BA986-C163-43F7-80F2-349FB2B55E37</Type>
                <Type ID="E93F9107-A3D9-44D0-85BD-2F3F939276DC">8F7D1ED7-2B2D-4618-BD77-4DC6078128E4</Type>
                <Type ID="023D6712-1050-4148-9E55-7FB4F3277A1B">4433CBDF-5BAC-4295-B5B8-D56E4D3DCF4F</Type>
                <Type ID="83B637E9-CAAF-40E0-8A3C-C8EF70268325">AS-IS</Type>
                <Type ID="F613650E-1CDE-409A-A972-431F7E206746">27582763-AAC6-4F44-AE18-D432AAEEDCD0</Type>
                <Type ID="20DEA10D-14B0-49EC-884A-DFA9F5CAC03A">27582763-AAC6-4F44-AE18-D432AAEEDCD0</Type>
                <Type ID="18814617-764A-4EA3-A1B7-F190D2D86BCB">2D88BAAC-59DB-47E1-ACEB-E7896F488E17</Type>
            </SectionLayouts>
            <FrontAndBackMatter>
                <DefaultFrontMatter Add="Yes">6E166A5C-F0A7-4B33-9751-BD511DBF6F55</DefaultFrontMatter>
            </FrontAndBackMatter>
        </Format>
        <Format ID="65A827C7-5259-4789-B6A5-4089E38D3791">
            <SectionLayouts>
                <Type ID="82514BF5-E0E3-4741-98AE-F814CAE63244">41D8023E-1ECC-43C1-AA9E-95AF8FA7AB2A</Type>
                <Type ID="2BDAD55B-C0B2-4756-B937-DFF7277AD29B">HEADER</Type>
                <Type ID="2CE86258-6E74-458B-9A30-80E4576FF4EB">ABFCEFAA-A92A-4FAE-8F6E-90C95E754561</Type>
                <Type ID="6452C414-94A2-41E1-A014-A97B441B91F8">TEXT-WITH-HEADER</Type>
                <Type ID="3F514CCD-B716-4FD0-8ACC-F1F2072B9F65">09333B7E-63C4-40B4-BD4C-F49B3426E403</Type>
                <Type ID="5AD39B0F-DA85-4B21-A533-830148C15C93">TEXT-SECTION</Type>
                <Type ID="52D3A058-E83B-4CAD-B905-648F31414B9B">1C54B3C9-7624-4C3B-960F-C9BCB09B61A3</Type>
                <Type ID="C335CD73-E248-48CB-9E43-BABA1C8683F5">EC77AF77-0B5E-4113-8E2C-BE8A6223E589</Type>
                <Type ID="5E0103DC-2589-4470-868C-28F73457CA91">B06D3BC4-2087-41C8-8C02-8C81D75EC61B</Type>
                <Type ID="E1F57C21-B7BF-4A4A-924D-5732E0EBB37D">2A6CD04F-E0D4-419A-821A-56DDEDF48ECA</Type>
                <Type ID="726E9003-C014-46B5-A0B3-3826F3DB8AD6">5248B6D4-EFED-4E5F-8442-80F6495EF3AD</Type>
                <Type ID="8583DDA1-43B8-4264-8E76-A42DFCD15641">0A86E971-F866-4A89-A52E-90C4CF62FE79</Type>
                <Type ID="DA258D28-E0C6-4A94-B17B-223EAD20F243">BEABB9B0-084F-4071-A780-A04FBF86716F</Type>
                <Type ID="C32620F1-3264-4C2B-8924-83F145E8E823">0AA01960-075F-4399-8B08-684739A67FE1</Type>
                <Type ID="19A9D861-5FE0-41EA-9F45-0C260B7C4533">9FB7863E-6108-4591-B3D7-902FDBDAD090</Type>
                <Type ID="54B157A9-615C-494E-8350-0B6FC971E817">6B388BC9-E1D9-4611-B56D-21E1AA2D4BAA</Type>
                <Type ID="75D4020F-486C-4DF6-8212-24981B8F3E50">82ED613F-801C-4C64-B21E-84AC1136C5AB</Type>
                <Type ID="679A55AF-9F4D-44FD-A45C-662B050A3213">6B43B493-E551-4EC4-AEC5-5BA3C97CC0E2</Type>
                <Type ID="6C419904-1493-4703-846D-EBA2B91208E0">E33BA986-C163-43F7-80F2-349FB2B55E37</Type>
                <Type ID="E93F9107-A3D9-44D0-85BD-2F3F939276DC">8F7D1ED7-2B2D-4618-BD77-4DC6078128E4</Type>
                <Type ID="023D6712-1050-4148-9E55-7FB4F3277A1B">4433CBDF-5BAC-4295-B5B8-D56E4D3DCF4F</Type>
                <Type ID="83B637E9-CAAF-40E0-8A3C-C8EF70268325">BCFC2C0B-A6D3-43CC-A232-538C1E72829D</Type>
                <Type ID="F613650E-1CDE-409A-A972-431F7E206746">27582763-AAC6-4F44-AE18-D432AAEEDCD0</Type>
                <Type ID="20DEA10D-14B0-49EC-884A-DFA9F5CAC03A">27582763-AAC6-4F44-AE18-D432AAEEDCD0</Type>
                <Type ID="18814617-764A-4EA3-A1B7-F190D2D86BCB">2D88BAAC-59DB-47E1-ACEB-E7896F488E17</Type>
            </SectionLayouts>
            <FrontAndBackMatter>
                <DefaultFrontMatter Add="Yes">6E166A5C-F0A7-4B33-9751-BD511DBF6F55</DefaultFrontMatter>
            </FrontAndBackMatter>
        </Format>
        <Format ID="1E2E4136-6B9C-4627-9569-5863764E631E">
            <SectionLayouts>
                <Type ID="82514BF5-E0E3-4741-98AE-F814CAE63244">AS-IS</Type>
                <Type ID="2BDAD55B-C0B2-4756-B937-DFF7277AD29B">AS-IS</Type>
                <Type ID="2CE86258-6E74-458B-9A30-80E4576FF4EB">ABFCEFAA-A92A-4FAE-8F6E-90C95E754561</Type>
                <Type ID="6452C414-94A2-41E1-A014-A97B441B91F8">TEXT-WITH-HEADER</Type>
                <Type ID="3F514CCD-B716-4FD0-8ACC-F1F2072B9F65">09333B7E-63C4-40B4-BD4C-F49B3426E403</Type>
                <Type ID="5AD39B0F-DA85-4B21-A533-830148C15C93">TEXT-SECTION</Type>
                <Type ID="52D3A058-E83B-4CAD-B905-648F31414B9B">1C54B3C9-7624-4C3B-960F-C9BCB09B61A3</Type>
                <Type ID="C335CD73-E248-48CB-9E43-BABA1C8683F5">EC77AF77-0B5E-4113-8E2C-BE8A6223E589</Type>
                <Type ID="5E0103DC-2589-4470-868C-28F73457CA91">B06D3BC4-2087-41C8-8C02-8C81D75EC61B</Type>
                <Type ID="E1F57C21-B7BF-4A4A-924D-5732E0EBB37D">AS-IS</Type>
                <Type ID="726E9003-C014-46B5-A0B3-3826F3DB8AD6">AS-IS</Type>
                <Type ID="8583DDA1-43B8-4264-8E76-A42DFCD15641">AS-IS</Type>
                <Type ID="DA258D28-E0C6-4A94-B17B-223EAD20F243">BEABB9B0-084F-4071-A780-A04FBF86716F</Type>
                <Type ID="C32620F1-3264-4C2B-8924-83F145E8E823">AS-IS</Type>
                <Type ID="19A9D861-5FE0-41EA-9F45-0C260B7C4533">AS-IS</Type>
                <Type ID="54B157A9-615C-494E-8350-0B6FC971E817">AS-IS</Type>
                <Type ID="75D4020F-486C-4DF6-8212-24981B8F3E50">AS-IS</Type>
                <Type ID="679A55AF-9F4D-44FD-A45C-662B050A3213">6B43B493-E551-4EC4-AEC5-5BA3C97CC0E2</Type>
                <Type ID="6C419904-1493-4703-846D-EBA2B91208E0">E33BA986-C163-43F7-80F2-349FB2B55E37</Type>
                <Type ID="E93F9107-A3D9-44D0-85BD-2F3F939276DC">8F7D1ED7-2B2D-4618-BD77-4DC6078128E4</Type>
                <Type ID="023D6712-1050-4148-9E55-7FB4F3277A1B">4433CBDF-5BAC-4295-B5B8-D56E4D3DCF4F</Type>
                <Type ID="83B637E9-CAAF-40E0-8A3C-C8EF70268325">AS-IS</Type>
                <Type ID="F613650E-1CDE-409A-A972-431F7E206746">27582763-AAC6-4F44-AE18-D432AAEEDCD0</Type>
                <Type ID="20DEA10D-14B0-49EC-884A-DFA9F5CAC03A">27582763-AAC6-4F44-AE18-D432AAEEDCD0</Type>
                <Type ID="18814617-764A-4EA3-A1B7-F190D2D86BCB">2D88BAAC-59DB-47E1-ACEB-E7896F488E17</Type>
            </SectionLayouts>
            <FrontAndBackMatter>
                <DefaultFrontMatter Add="Yes">6E166A5C-F0A7-4B33-9751-BD511DBF6F55</DefaultFrontMatter>
            </FrontAndBackMatter>
        </Format>
        <Format ID="1F747FFD-2BC1-44FC-AA06-245D2FCF4D4B">
            <SectionLayouts>
                <Type ID="82514BF5-E0E3-4741-98AE-F814CAE63244">AS-IS</Type>
                <Type ID="2BDAD55B-C0B2-4756-B937-DFF7277AD29B">HEADER</Type>
                <Type ID="2CE86258-6E74-458B-9A30-80E4576FF4EB">AS-IS</Type>
                <Type ID="6452C414-94A2-41E1-A014-A97B441B91F8">TEXT-WITH-HEADER</Type>
                <Type ID="3F514CCD-B716-4FD0-8ACC-F1F2072B9F65">09333B7E-63C4-40B4-BD4C-F49B3426E403</Type>
                <Type ID="5AD39B0F-DA85-4B21-A533-830148C15C93">TEXT-SECTION</Type>
                <Type ID="5E0103DC-2589-4470-868C-28F73457CA91">B06D3BC4-2087-41C8-8C02-8C81D75EC61B</Type>
                <Type ID="E1F57C21-B7BF-4A4A-924D-5732E0EBB37D">AS-IS</Type>
                <Type ID="726E9003-C014-46B5-A0B3-3826F3DB8AD6">AS-IS</Type>
                <Type ID="8583DDA1-43B8-4264-8E76-A42DFCD15641">AS-IS</Type>
                <Type ID="DA258D28-E0C6-4A94-B17B-223EAD20F243">AS-IS</Type>
                <Type ID="C32620F1-3264-4C2B-8924-83F145E8E823">AS-IS</Type>
                <Type ID="19A9D861-5FE0-41EA-9F45-0C260B7C4533">AS-IS</Type>
                <Type ID="54B157A9-615C-494E-8350-0B6FC971E817">AS-IS</Type>
                <Type ID="75D4020F-486C-4DF6-8212-24981B8F3E50">AS-IS</Type>
                <Type ID="679A55AF-9F4D-44FD-A45C-662B050A3213">6B43B493-E551-4EC4-AEC5-5BA3C97CC0E2</Type>
                <Type ID="6C419904-1493-4703-846D-EBA2B91208E0">E33BA986-C163-43F7-80F2-349FB2B55E37</Type>
                <Type ID="E93F9107-A3D9-44D0-85BD-2F3F939276DC">8F7D1ED7-2B2D-4618-BD77-4DC6078128E4</Type>
                <Type ID="023D6712-1050-4148-9E55-7FB4F3277A1B">4433CBDF-5BAC-4295-B5B8-D56E4D3DCF4F</Type>
                <Type ID="83B637E9-CAAF-40E0-8A3C-C8EF70268325">AS-IS</Type>
                <Type ID="F613650E-1CDE-409A-A972-431F7E206746">27582763-AAC6-4F44-AE18-D432AAEEDCD0</Type>
                <Type ID="20DEA10D-14B0-49EC-884A-DFA9F5CAC03A">27582763-AAC6-4F44-AE18-D432AAEEDCD0</Type>
            </SectionLayouts>
            <FrontAndBackMatter>
                <DefaultFrontMatter Add="Yes">6E166A5C-F0A7-4B33-9751-BD511DBF6F55</DefaultFrontMatter>
            </FrontAndBackMatter>
        </Format>
        <Format ID="3044CFCE-9649-464C-AC51-E61292FC2B8E">
            <SectionLayouts>
                <Type ID="2BDAD55B-C0B2-4756-B937-DFF7277AD29B">NEW-PAGE-HEADER</Type>
                <Type ID="7AB707F6-BEDE-46DB-89A3-5609757C208B">AS-IS</Type>
                <Type ID="6452C414-94A2-41E1-A014-A97B441B91F8">TEXT-WITH-HEADER</Type>
                <Type ID="82514BF5-E0E3-4741-98AE-F814CAE63244">AS-IS</Type>
            </SectionLayouts>
            <FrontAndBackMatter>
                <DefaultFrontMatter Add="Yes">6E166A5C-F0A7-4B33-9751-BD511DBF6F55</DefaultFrontMatter>
            </FrontAndBackMatter>
        </Format>
        <Format ID="2CC25986-C2E9-4EF1-8A0A-42AEDAF479F3">
            <SectionLayouts>
                <Type ID="2BDAD55B-C0B2-4756-B937-DFF7277AD29B">TEXT-WITH-HEADER</Type>
                <Type ID="7AB707F6-BEDE-46DB-89A3-5609757C208B">AS-IS</Type>
                <Type ID="6452C414-94A2-41E1-A014-A97B441B91F8">TEXT-WITH-HEADER</Type>
                <Type ID="82514BF5-E0E3-4741-98AE-F814CAE63244">AS-IS</Type>
            </SectionLayouts>
            <FrontAndBackMatter>
                <DefaultFrontMatter Add="Yes">6E166A5C-F0A7-4B33-9751-BD511DBF6F55</DefaultFrontMatter>
            </FrontAndBackMatter>
        </Format>
        <Format ID="CA5FAEB2-5DD1-4C16-AAFC-496BF4D2E954">
            <SectionLayouts>
                <Type ID="82514BF5-E0E3-4741-98AE-F814CAE63244">41D8023E-1ECC-43C1-AA9E-95AF8FA7AB2A</Type>
                <Type ID="2BDAD55B-C0B2-4756-B937-DFF7277AD29B">HEADER</Type>
                <Type ID="2CE86258-6E74-458B-9A30-80E4576FF4EB">ABFCEFAA-A92A-4FAE-8F6E-90C95E754561</Type>
                <Type ID="6452C414-94A2-41E1-A014-A97B441B91F8">TEXT-WITH-HEADER</Type>
                <Type ID="3F514CCD-B716-4FD0-8ACC-F1F2072B9F65">09333B7E-63C4-40B4-BD4C-F49B3426E403</Type>
                <Type ID="5AD39B0F-DA85-4B21-A533-830148C15C93">TEXT-SECTION</Type>
                <Type ID="52D3A058-E83B-4CAD-B905-648F31414B9B">1C54B3C9-7624-4C3B-960F-C9BCB09B61A3</Type>
                <Type ID="C335CD73-E248-48CB-9E43-BABA1C8683F5">EC77AF77-0B5E-4113-8E2C-BE8A6223E589</Type>
                <Type ID="5E0103DC-2589-4470-868C-28F73457CA91">B06D3BC4-2087-41C8-8C02-8C81D75EC61B</Type>
                <Type ID="E1F57C21-B7BF-4A4A-924D-5732E0EBB37D">2A6CD04F-E0D4-419A-821A-56DDEDF48ECA</Type>
                <Type ID="726E9003-C014-46B5-A0B3-3826F3DB8AD6">5248B6D4-EFED-4E5F-8442-80F6495EF3AD</Type>
                <Type ID="8583DDA1-43B8-4264-8E76-A42DFCD15641">0A86E971-F866-4A89-A52E-90C4CF62FE79</Type>
                <Type ID="DA258D28-E0C6-4A94-B17B-223EAD20F243">BEABB9B0-084F-4071-A780-A04FBF86716F</Type>
                <Type ID="C32620F1-3264-4C2B-8924-83F145E8E823">0AA01960-075F-4399-8B08-684739A67FE1</Type>
                <Type ID="19A9D861-5FE0-41EA-9F45-0C260B7C4533">9FB7863E-6108-4591-B3D7-902FDBDAD090</Type>
                <Type ID="54B157A9-615C-494E-8350-0B6FC971E817">6B388BC9-E1D9-4611-B56D-21E1AA2D4BAA</Type>
                <Type ID="75D4020F-486C-4DF6-8212-24981B8F3E50">82ED613F-801C-4C64-B21E-84AC1136C5AB</Type>
                <Type ID="679A55AF-9F4D-44FD-A45C-662B050A3213">6B43B493-E551-4EC4-AEC5-5BA3C97CC0E2</Type>
                <Type ID="6C419904-1493-4703-846D-EBA2B91208E0">E33BA986-C163-43F7-80F2-349FB2B55E37</Type>
                <Type ID="E93F9107-A3D9-44D0-85BD-2F3F939276DC">8F7D1ED7-2B2D-4618-BD77-4DC6078128E4</Type>
                <Type ID="023D6712-1050-4148-9E55-7FB4F3277A1B">4433CBDF-5BAC-4295-B5B8-D56E4D3DCF4F</Type>
                <Type ID="83B637E9-CAAF-40E0-8A3C-C8EF70268325">BCFC2C0B-A6D3-43CC-A232-538C1E72829D</Type>
                <Type ID="F613650E-1CDE-409A-A972-431F7E206746">27582763-AAC6-4F44-AE18-D432AAEEDCD0</Type>
                <Type ID="20DEA10D-14B0-49EC-884A-DFA9F5CAC03A">27582763-AAC6-4F44-AE18-D432AAEEDCD0</Type>
                <Type ID="18814617-764A-4EA3-A1B7-F190D2D86BCB">2D88BAAC-59DB-47E1-ACEB-E7896F488E17</Type>
            </SectionLayouts>
            <FrontAndBackMatter>
                <DefaultFrontMatter Add="Yes">6E166A5C-F0A7-4B33-9751-BD511DBF6F55</DefaultFrontMatter>
            </FrontAndBackMatter>
        </Format>
        <Format ID="1BA0761E-7EAF-4B7F-9255-6BD99AA89A5F">
            <SectionLayouts>
                <Type ID="82514BF5-E0E3-4741-98AE-F814CAE63244">AS-IS</Type>
                <Type ID="2BDAD55B-C0B2-4756-B937-DFF7277AD29B">HEADER</Type>
                <Type ID="2CE86258-6E74-458B-9A30-80E4576FF4EB">ABFCEFAA-A92A-4FAE-8F6E-90C95E754561</Type>
                <Type ID="6452C414-94A2-41E1-A014-A97B441B91F8">TEXT-WITH-HEADER</Type>
                <Type ID="3F514CCD-B716-4FD0-8ACC-F1F2072B9F65">09333B7E-63C4-40B4-BD4C-F49B3426E403</Type>
                <Type ID="5AD39B0F-DA85-4B21-A533-830148C15C93">TEXT-SECTION</Type>
                <Type ID="52D3A058-E83B-4CAD-B905-648F31414B9B">39C860A9-D5A7-4A6C-B498-D35E8497461B</Type>
                <Type ID="5E0103DC-2589-4470-868C-28F73457CA91">B06D3BC4-2087-41C8-8C02-8C81D75EC61B</Type>
                <Type ID="E1F57C21-B7BF-4A4A-924D-5732E0EBB37D">AS-IS</Type>
                <Type ID="726E9003-C014-46B5-A0B3-3826F3DB8AD6">AS-IS</Type>
                <Type ID="8583DDA1-43B8-4264-8E76-A42DFCD15641">AS-IS</Type>
                <Type ID="DA258D28-E0C6-4A94-B17B-223EAD20F243">BEABB9B0-084F-4071-A780-A04FBF86716F</Type>
                <Type ID="C32620F1-3264-4C2B-8924-83F145E8E823">AS-IS</Type>
                <Type ID="19A9D861-5FE0-41EA-9F45-0C260B7C4533">AS-IS</Type>
                <Type ID="54B157A9-615C-494E-8350-0B6FC971E817">AS-IS</Type>
                <Type ID="75D4020F-486C-4DF6-8212-24981B8F3E50">AS-IS</Type>
                <Type ID="679A55AF-9F4D-44FD-A45C-662B050A3213">6B43B493-E551-4EC4-AEC5-5BA3C97CC0E2</Type>
                <Type ID="6C419904-1493-4703-846D-EBA2B91208E0">E33BA986-C163-43F7-80F2-349FB2B55E37</Type>
                <Type ID="E93F9107-A3D9-44D0-85BD-2F3F939276DC">8F7D1ED7-2B2D-4618-BD77-4DC6078128E4</Type>
                <Type ID="023D6712-1050-4148-9E55-7FB4F3277A1B">4433CBDF-5BAC-4295-B5B8-D56E4D3DCF4F</Type>
                <Type ID="83B637E9-CAAF-40E0-8A3C-C8EF70268325">AS-IS</Type>
                <Type ID="F613650E-1CDE-409A-A972-431F7E206746">27582763-AAC6-4F44-AE18-D432AAEEDCD0</Type>
                <Type ID="20DEA10D-14B0-49EC-884A-DFA9F5CAC03A">27582763-AAC6-4F44-AE18-D432AAEEDCD0</Type>
            </SectionLayouts>
            <FrontAndBackMatter>
                <DefaultFrontMatter Add="Yes">6E166A5C-F0A7-4B33-9751-BD511DBF6F55</DefaultFrontMatter>
            </FrontAndBackMatter>
        </Format>
        <Format ID="8E5469A4-CF2D-4329-94A2-90451F63FF6F">
            <SectionLayouts>
                <Type ID="82514BF5-E0E3-4741-98AE-F814CAE63244">41D8023E-1ECC-43C1-AA9E-95AF8FA7AB2A</Type>
                <Type ID="2BDAD55B-C0B2-4756-B937-DFF7277AD29B">HEADER</Type>
                <Type ID="2CE86258-6E74-458B-9A30-80E4576FF4EB">ABFCEFAA-A92A-4FAE-8F6E-90C95E754561</Type>
                <Type ID="6452C414-94A2-41E1-A014-A97B441B91F8">TEXT-WITH-HEADER</Type>
                <Type ID="3F514CCD-B716-4FD0-8ACC-F1F2072B9F65">09333B7E-63C4-40B4-BD4C-F49B3426E403</Type>
                <Type ID="5AD39B0F-DA85-4B21-A533-830148C15C93">TEXT-SECTION</Type>
                <Type ID="52D3A058-E83B-4CAD-B905-648F31414B9B">1C54B3C9-7624-4C3B-960F-C9BCB09B61A3</Type>
                <Type ID="C335CD73-E248-48CB-9E43-BABA1C8683F5">EC77AF77-0B5E-4113-8E2C-BE8A6223E589</Type>
                <Type ID="5E0103DC-2589-4470-868C-28F73457CA91">B06D3BC4-2087-41C8-8C02-8C81D75EC61B</Type>
                <Type ID="E1F57C21-B7BF-4A4A-924D-5732E0EBB37D">2A6CD04F-E0D4-419A-821A-56DDEDF48ECA</Type>
                <Type ID="726E9003-C014-46B5-A0B3-3826F3DB8AD6">5248B6D4-EFED-4E5F-8442-80F6495EF3AD</Type>
                <Type ID="8583DDA1-43B8-4264-8E76-A42DFCD15641">0A86E971-F866-4A89-A52E-90C4CF62FE79</Type>
                <Type ID="DA258D28-E0C6-4A94-B17B-223EAD20F243">BEABB9B0-084F-4071-A780-A04FBF86716F</Type>
                <Type ID="C32620F1-3264-4C2B-8924-83F145E8E823">0AA01960-075F-4399-8B08-684739A67FE1</Type>
                <Type ID="19A9D861-5FE0-41EA-9F45-0C260B7C4533">9FB7863E-6108-4591-B3D7-902FDBDAD090</Type>
                <Type ID="54B157A9-615C-494E-8350-0B6FC971E817">6B388BC9-E1D9-4611-B56D-21E1AA2D4BAA</Type>
                <Type ID="75D4020F-486C-4DF6-8212-24981B8F3E50">82ED613F-801C-4C64-B21E-84AC1136C5AB</Type>
                <Type ID="679A55AF-9F4D-44FD-A45C-662B050A3213">6B43B493-E551-4EC4-AEC5-5BA3C97CC0E2</Type>
                <Type ID="6C419904-1493-4703-846D-EBA2B91208E0">E33BA986-C163-43F7-80F2-349FB2B55E37</Type>
                <Type ID="E93F9107-A3D9-44D0-85BD-2F3F939276DC">8F7D1ED7-2B2D-4618-BD77-4DC6078128E4</Type>
                <Type ID="023D6712-1050-4148-9E55-7FB4F3277A1B">4433CBDF-5BAC-4295-B5B8-D56E4D3DCF4F</Type>
                <Type ID="83B637E9-CAAF-40E0-8A3C-C8EF70268325">BCFC2C0B-A6D3-43CC-A232-538C1E72829D</Type>
                <Type ID="F613650E-1CDE-409A-A972-431F7E206746">27582763-AAC6-4F44-AE18-D432AAEEDCD0</Type>
                <Type ID="20DEA10D-14B0-49EC-884A-DFA9F5CAC03A">27582763-AAC6-4F44-AE18-D432AAEEDCD0</Type>
                <Type ID="18814617-764A-4EA3-A1B7-F190D2D86BCB">2D88BAAC-59DB-47E1-ACEB-E7896F488E17</Type>
            </SectionLayouts>
            <FrontAndBackMatter>
                <DefaultFrontMatter Add="Yes">6E166A5C-F0A7-4B33-9751-BD511DBF6F55</DefaultFrontMatter>
            </FrontAndBackMatter>
        </Format>
        <Format ID="1C1B7432-F834-43C7-99B4-71AC468D81B0">
            <SectionLayouts>
                <Type ID="82514BF5-E0E3-4741-98AE-F814CAE63244">41D8023E-1ECC-43C1-AA9E-95AF8FA7AB2A</Type>
                <Type ID="2BDAD55B-C0B2-4756-B937-DFF7277AD29B">AS-IS</Type>
                <Type ID="2CE86258-6E74-458B-9A30-80E4576FF4EB">ABFCEFAA-A92A-4FAE-8F6E-90C95E754561</Type>
                <Type ID="6452C414-94A2-41E1-A014-A97B441B91F8">TEXT-WITH-HEADER</Type>
                <Type ID="3F514CCD-B716-4FD0-8ACC-F1F2072B9F65">09333B7E-63C4-40B4-BD4C-F49B3426E403</Type>
                <Type ID="5AD39B0F-DA85-4B21-A533-830148C15C93">TEXT-SECTION</Type>
                <Type ID="52D3A058-E83B-4CAD-B905-648F31414B9B">1C54B3C9-7624-4C3B-960F-C9BCB09B61A3</Type>
                <Type ID="C335CD73-E248-48CB-9E43-BABA1C8683F5">EC77AF77-0B5E-4113-8E2C-BE8A6223E589</Type>
                <Type ID="5E0103DC-2589-4470-868C-28F73457CA91">B06D3BC4-2087-41C8-8C02-8C81D75EC61B</Type>
                <Type ID="E1F57C21-B7BF-4A4A-924D-5732E0EBB37D">AS-IS</Type>
                <Type ID="726E9003-C014-46B5-A0B3-3826F3DB8AD6">AS-IS</Type>
                <Type ID="8583DDA1-43B8-4264-8E76-A42DFCD15641">AS-IS</Type>
                <Type ID="DA258D28-E0C6-4A94-B17B-223EAD20F243">BEABB9B0-084F-4071-A780-A04FBF86716F</Type>
                <Type ID="C32620F1-3264-4C2B-8924-83F145E8E823">AS-IS</Type>
                <Type ID="19A9D861-5FE0-41EA-9F45-0C260B7C4533">AS-IS</Type>
                <Type ID="54B157A9-615C-494E-8350-0B6FC971E817">AS-IS</Type>
                <Type ID="75D4020F-486C-4DF6-8212-24981B8F3E50">AS-IS</Type>
                <Type ID="679A55AF-9F4D-44FD-A45C-662B050A3213">6B43B493-E551-4EC4-AEC5-5BA3C97CC0E2</Type>
                <Type ID="6C419904-1493-4703-846D-EBA2B91208E0">E33BA986-C163-43F7-80F2-349FB2B55E37</Type>
                <Type ID="E93F9107-A3D9-44D0-85BD-2F3F939276DC">8F7D1ED7-2B2D-4618-BD77-4DC6078128E4</Type>
                <Type ID="023D6712-1050-4148-9E55-7FB4F3277A1B">4433CBDF-5BAC-4295-B5B8-D56E4D3DCF4F</Type>
                <Type ID="83B637E9-CAAF-40E0-8A3C-C8EF70268325">AS-IS</Type>
                <Type ID="F613650E-1CDE-409A-A972-431F7E206746">27582763-AAC6-4F44-AE18-D432AAEEDCD0</Type>
                <Type ID="20DEA10D-14B0-49EC-884A-DFA9F5CAC03A">27582763-AAC6-4F44-AE18-D432AAEEDCD0</Type>
                <Type ID="18814617-764A-4EA3-A1B7-F190D2D86BCB">2D88BAAC-59DB-47E1-ACEB-E7896F488E17</Type>
            </SectionLayouts>
            <FrontAndBackMatter>
                <DefaultFrontMatter Add="Yes">6E166A5C-F0A7-4B33-9751-BD511DBF6F55</DefaultFrontMatter>
            </FrontAndBackMatter>
        </Format>
        <Format ID="D42D2961-6AB4-4C56-A9DB-88FE1DC899DD">
            <SectionLayouts>
                <Type ID="2BDAD55B-C0B2-4756-B937-DFF7277AD29B">TEXT-WITH-HEADER</Type>
                <Type ID="7AB707F6-BEDE-46DB-89A3-5609757C208B">AS-IS</Type>
                <Type ID="6452C414-94A2-41E1-A014-A97B441B91F8">TEXT-WITH-HEADER</Type>
                <Type ID="82514BF5-E0E3-4741-98AE-F814CAE63244">AS-IS</Type>
            </SectionLayouts>
            <FrontAndBackMatter>
                <DefaultFrontMatter Add="Yes">6E166A5C-F0A7-4B33-9751-BD511DBF6F55</DefaultFrontMatter>
            </FrontAndBackMatter>
        </Format>
        <Format ID="210CD57A-69A1-4D6E-BA67-064543DDFDB6">
            <SectionLayouts>
                <Type ID="82514BF5-E0E3-4741-98AE-F814CAE63244">AS-IS</Type>
                <Type ID="2BDAD55B-C0B2-4756-B937-DFF7277AD29B">AS-IS</Type>
                <Type ID="2CE86258-6E74-458B-9A30-80E4576FF4EB">ABFCEFAA-A92A-4FAE-8F6E-90C95E754561</Type>
                <Type ID="6452C414-94A2-41E1-A014-A97B441B91F8">TEXT-WITH-HEADER</Type>
                <Type ID="3F514CCD-B716-4FD0-8ACC-F1F2072B9F65">09333B7E-63C4-40B4-BD4C-F49B3426E403</Type>
                <Type ID="5AD39B0F-DA85-4B21-A533-830148C15C93">TEXT-SECTION</Type>
                <Type ID="52D3A058-E83B-4CAD-B905-648F31414B9B">1C54B3C9-7624-4C3B-960F-C9BCB09B61A3</Type>
                <Type ID="C335CD73-E248-48CB-9E43-BABA1C8683F5">EC77AF77-0B5E-4113-8E2C-BE8A6223E589</Type>
                <Type ID="5E0103DC-2589-4470-868C-28F73457CA91">B06D3BC4-2087-41C8-8C02-8C81D75EC61B</Type>
                <Type ID="E1F57C21-B7BF-4A4A-924D-5732E0EBB37D">AS-IS</Type>
                <Type ID="726E9003-C014-46B5-A0B3-3826F3DB8AD6">AS-IS</Type>
                <Type ID="8583DDA1-43B8-4264-8E76-A42DFCD15641">AS-IS</Type>
                <Type ID="DA258D28-E0C6-4A94-B17B-223EAD20F243">BEABB9B0-084F-4071-A780-A04FBF86716F</Type>
                <Type ID="C32620F1-3264-4C2B-8924-83F145E8E823">AS-IS</Type>
                <Type ID="19A9D861-5FE0-41EA-9F45-0C260B7C4533">AS-IS</Type>
                <Type ID="54B157A9-615C-494E-8350-0B6FC971E817">AS-IS</Type>
                <Type ID="75D4020F-486C-4DF6-8212-24981B8F3E50">AS-IS</Type>
                <Type ID="679A55AF-9F4D-44FD-A45C-662B050A3213">6B43B493-E551-4EC4-AEC5-5BA3C97CC0E2</Type>
                <Type ID="6C419904-1493-4703-846D-EBA2B91208E0">E33BA986-C163-43F7-80F2-349FB2B55E37</Type>
                <Type ID="E93F9107-A3D9-44D0-85BD-2F3F939276DC">8F7D1ED7-2B2D-4618-BD77-4DC6078128E4</Type>
                <Type ID="023D6712-1050-4148-9E55-7FB4F3277A1B">4433CBDF-5BAC-4295-B5B8-D56E4D3DCF4F</Type>
                <Type ID="83B637E9-CAAF-40E0-8A3C-C8EF70268325">AS-IS</Type>
                <Type ID="F613650E-1CDE-409A-A972-431F7E206746">27582763-AAC6-4F44-AE18-D432AAEEDCD0</Type>
                <Type ID="20DEA10D-14B0-49EC-884A-DFA9F5CAC03A">27582763-AAC6-4F44-AE18-D432AAEEDCD0</Type>
            </SectionLayouts>
            <FrontAndBackMatter>
                <DefaultFrontMatter Add="Yes">6E166A5C-F0A7-4B33-9751-BD511DBF6F55</DefaultFrontMatter>
            </FrontAndBackMatter>
        </Format>
        <Format ID="mmd-barebones">
            <FrontAndBackMatter>
                <DefaultFrontMatter Add="Yes">6E166A5C-F0A7-4B33-9751-BD511DBF6F55</DefaultFrontMatter>
            </FrontAndBackMatter>
        </Format>
        <Format ID="EFB96498-6DB2-4338-A3B3-D4FDF956A450">
            <SectionLayouts>
                <Type ID="2BDAD55B-C0B2-4756-B937-DFF7277AD29B">TEXT-WITH-HEADER</Type>
                <Type ID="7AB707F6-BEDE-46DB-89A3-5609757C208B">AS-IS</Type>
                <Type ID="6452C414-94A2-41E1-A014-A97B441B91F8">TEXT-WITH-HEADER</Type>
                <Type ID="82514BF5-E0E3-4741-98AE-F814CAE63244">AS-IS</Type>
            </SectionLayouts>
            <FrontAndBackMatter>
                <DefaultFrontMatter Add="Yes">6E166A5C-F0A7-4B33-9751-BD511DBF6F55</DefaultFrontMatter>
            </FrontAndBackMatter>
        </Format>
        <Format ID="56405122-D9A1-4168-8844-3A914736D962">
            <SectionLayouts>
                <Type ID="2BDAD55B-C0B2-4756-B937-DFF7277AD29B">TEXT-WITH-HEADER</Type>
                <Type ID="7AB707F6-BEDE-46DB-89A3-5609757C208B">AS-IS</Type>
                <Type ID="6452C414-94A2-41E1-A014-A97B441B91F8">TEXT-WITH-HEADER</Type>
                <Type ID="82514BF5-E0E3-4741-98AE-F814CAE63244">AS-IS</Type>
            </SectionLayouts>
            <FrontAndBackMatter>
                <DefaultFrontMatter Add="Yes">6E166A5C-F0A7-4B33-9751-BD511DBF6F55</DefaultFrontMatter>
            </FrontAndBackMatter>
        </Format>
        <Format ID="B5396803-FCB4-4CB4-9A9D-8393F3CECC9F">
            <SectionLayouts>
                <Type ID="82514BF5-E0E3-4741-98AE-F814CAE63244">AS-IS</Type>
                <Type ID="2BDAD55B-C0B2-4756-B937-DFF7277AD29B">HEADER</Type>
                <Type ID="2CE86258-6E74-458B-9A30-80E4576FF4EB">AS-IS</Type>
                <Type ID="6452C414-94A2-41E1-A014-A97B441B91F8">TEXT-WITH-HEADER</Type>
                <Type ID="3F514CCD-B716-4FD0-8ACC-F1F2072B9F65">09333B7E-63C4-40B4-BD4C-F49B3426E403</Type>
                <Type ID="5AD39B0F-DA85-4B21-A533-830148C15C93">TEXT-SECTION</Type>
                <Type ID="5E0103DC-2589-4470-868C-28F73457CA91">B06D3BC4-2087-41C8-8C02-8C81D75EC61B</Type>
                <Type ID="E1F57C21-B7BF-4A4A-924D-5732E0EBB37D">AS-IS</Type>
                <Type ID="726E9003-C014-46B5-A0B3-3826F3DB8AD6">AS-IS</Type>
                <Type ID="8583DDA1-43B8-4264-8E76-A42DFCD15641">AS-IS</Type>
                <Type ID="DA258D28-E0C6-4A94-B17B-223EAD20F243">AS-IS</Type>
                <Type ID="C32620F1-3264-4C2B-8924-83F145E8E823">AS-IS</Type>
                <Type ID="19A9D861-5FE0-41EA-9F45-0C260B7C4533">AS-IS</Type>
                <Type ID="54B157A9-615C-494E-8350-0B6FC971E817">AS-IS</Type>
                <Type ID="75D4020F-486C-4DF6-8212-24981B8F3E50">AS-IS</Type>
                <Type ID="679A55AF-9F4D-44FD-A45C-662B050A3213">6B43B493-E551-4EC4-AEC5-5BA3C97CC0E2</Type>
                <Type ID="6C419904-1493-4703-846D-EBA2B91208E0">E33BA986-C163-43F7-80F2-349FB2B55E37</Type>
                <Type ID="E93F9107-A3D9-44D0-85BD-2F3F939276DC">8F7D1ED7-2B2D-4618-BD77-4DC6078128E4</Type>
                <Type ID="023D6712-1050-4148-9E55-7FB4F3277A1B">4433CBDF-5BAC-4295-B5B8-D56E4D3DCF4F</Type>
                <Type ID="83B637E9-CAAF-40E0-8A3C-C8EF70268325">AS-IS</Type>
                <Type ID="F613650E-1CDE-409A-A972-431F7E206746">27582763-AAC6-4F44-AE18-D432AAEEDCD0</Type>
                <Type ID="20DEA10D-14B0-49EC-884A-DFA9F5CAC03A">27582763-AAC6-4F44-AE18-D432AAEEDCD0</Type>
            </SectionLayouts>
            <FrontAndBackMatter>
                <DefaultFrontMatter Add="Yes">6E166A5C-F0A7-4B33-9751-BD511DBF6F55</DefaultFrontMatter>
            </FrontAndBackMatter>
        </Format>
        <Format ID="655241BE-85D8-45D0-A3D5-F16B9C93A4CB">
            <SectionLayouts>
                <Type ID="82514BF5-E0E3-4741-98AE-F814CAE63244">41D8023E-1ECC-43C1-AA9E-95AF8FA7AB2A</Type>
                <Type ID="2BDAD55B-C0B2-4756-B937-DFF7277AD29B">HEADER</Type>
                <Type ID="2CE86258-6E74-458B-9A30-80E4576FF4EB">ABFCEFAA-A92A-4FAE-8F6E-90C95E754561</Type>
                <Type ID="6452C414-94A2-41E1-A014-A97B441B91F8">TEXT-WITH-HEADER</Type>
                <Type ID="3F514CCD-B716-4FD0-8ACC-F1F2072B9F65">09333B7E-63C4-40B4-BD4C-F49B3426E403</Type>
                <Type ID="5AD39B0F-DA85-4B21-A533-830148C15C93">TEXT-SECTION</Type>
                <Type ID="52D3A058-E83B-4CAD-B905-648F31414B9B">1C54B3C9-7624-4C3B-960F-C9BCB09B61A3</Type>
                <Type ID="C335CD73-E248-48CB-9E43-BABA1C8683F5">EC77AF77-0B5E-4113-8E2C-BE8A6223E589</Type>
                <Type ID="5E0103DC-2589-4470-868C-28F73457CA91">B06D3BC4-2087-41C8-8C02-8C81D75EC61B</Type>
                <Type ID="E1F57C21-B7BF-4A4A-924D-5732E0EBB37D">2A6CD04F-E0D4-419A-821A-56DDEDF48ECA</Type>
                <Type ID="726E9003-C014-46B5-A0B3-3826F3DB8AD6">5248B6D4-EFED-4E5F-8442-80F6495EF3AD</Type>
                <Type ID="8583DDA1-43B8-4264-8E76-A42DFCD15641">0A86E971-F866-4A89-A52E-90C4CF62FE79</Type>
                <Type ID="DA258D28-E0C6-4A94-B17B-223EAD20F243">BEABB9B0-084F-4071-A780-A04FBF86716F</Type>
                <Type ID="C32620F1-3264-4C2B-8924-83F145E8E823">0AA01960-075F-4399-8B08-684739A67FE1</Type>
                <Type ID="19A9D861-5FE0-41EA-9F45-0C260B7C4533">9FB7863E-6108-4591-B3D7-902FDBDAD090</Type>
                <Type ID="54B157A9-615C-494E-8350-0B6FC971E817">6B388BC9-E1D9-4611-B56D-21E1AA2D4BAA</Type>
                <Type ID="75D4020F-486C-4DF6-8212-24981B8F3E50">82ED613F-801C-4C64-B21E-84AC1136C5AB</Type>
                <Type ID="679A55AF-9F4D-44FD-A45C-662B050A3213">6B43B493-E551-4EC4-AEC5-5BA3C97CC0E2</Type>
                <Type ID="6C419904-1493-4703-846D-EBA2B91208E0">E33BA986-C163-43F7-80F2-349FB2B55E37</Type>
                <Type ID="E93F9107-A3D9-44D0-85BD-2F3F939276DC">8F7D1ED7-2B2D-4618-BD77-4DC6078128E4</Type>
                <Type ID="023D6712-1050-4148-9E55-7FB4F3277A1B">4433CBDF-5BAC-4295-B5B8-D56E4D3DCF4F</Type>
                <Type ID="83B637E9-CAAF-40E0-8A3C-C8EF70268325">BCFC2C0B-A6D3-43CC-A232-538C1E72829D</Type>
                <Type ID="F613650E-1CDE-409A-A972-431F7E206746">27582763-AAC6-4F44-AE18-D432AAEEDCD0</Type>
                <Type ID="20DEA10D-14B0-49EC-884A-DFA9F5CAC03A">27582763-AAC6-4F44-AE18-D432AAEEDCD0</Type>
                <Type ID="18814617-764A-4EA3-A1B7-F190D2D86BCB">2D88BAAC-59DB-47E1-ACEB-E7896F488E17</Type>
            </SectionLayouts>
            <FrontAndBackMatter>
                <DefaultFrontMatter Add="Yes">6E166A5C-F0A7-4B33-9751-BD511DBF6F55</DefaultFrontMatter>
            </FrontAndBackMatter>
        </Format>
        <Format ID="B60AD5B0-D9D8-4C05-9399-CB00D4F16FC3">
            <SectionLayouts>
                <Type ID="82514BF5-E0E3-4741-98AE-F814CAE63244">AS-IS</Type>
                <Type ID="2BDAD55B-C0B2-4756-B937-DFF7277AD29B">AS-IS</Type>
                <Type ID="2CE86258-6E74-458B-9A30-80E4576FF4EB">ABFCEFAA-A92A-4FAE-8F6E-90C95E754561</Type>
                <Type ID="6452C414-94A2-41E1-A014-A97B441B91F8">TEXT-WITH-HEADER</Type>
                <Type ID="3F514CCD-B716-4FD0-8ACC-F1F2072B9F65">09333B7E-63C4-40B4-BD4C-F49B3426E403</Type>
                <Type ID="5AD39B0F-DA85-4B21-A533-830148C15C93">TEXT-SECTION</Type>
                <Type ID="52D3A058-E83B-4CAD-B905-648F31414B9B">1C54B3C9-7624-4C3B-960F-C9BCB09B61A3</Type>
                <Type ID="C335CD73-E248-48CB-9E43-BABA1C8683F5">EC77AF77-0B5E-4113-8E2C-BE8A6223E589</Type>
                <Type ID="5E0103DC-2589-4470-868C-28F73457CA91">B06D3BC4-2087-41C8-8C02-8C81D75EC61B</Type>
                <Type ID="E1F57C21-B7BF-4A4A-924D-5732E0EBB37D">AS-IS</Type>
                <Type ID="726E9003-C014-46B5-A0B3-3826F3DB8AD6">AS-IS</Type>
                <Type ID="8583DDA1-43B8-4264-8E76-A42DFCD15641">AS-IS</Type>
                <Type ID="DA258D28-E0C6-4A94-B17B-223EAD20F243">BEABB9B0-084F-4071-A780-A04FBF86716F</Type>
                <Type ID="C32620F1-3264-4C2B-8924-83F145E8E823">AS-IS</Type>
                <Type ID="19A9D861-5FE0-41EA-9F45-0C260B7C4533">AS-IS</Type>
                <Type ID="54B157A9-615C-494E-8350-0B6FC971E817">AS-IS</Type>
                <Type ID="75D4020F-486C-4DF6-8212-24981B8F3E50">AS-IS</Type>
                <Type ID="679A55AF-9F4D-44FD-A45C-662B050A3213">6B43B493-E551-4EC4-AEC5-5BA3C97CC0E2</Type>
                <Type ID="6C419904-1493-4703-846D-EBA2B91208E0">E33BA986-C163-43F7-80F2-349FB2B55E37</Type>
                <Type ID="E93F9107-A3D9-44D0-85BD-2F3F939276DC">8F7D1ED7-2B2D-4618-BD77-4DC6078128E4</Type>
                <Type ID="023D6712-1050-4148-9E55-7FB4F3277A1B">4433CBDF-5BAC-4295-B5B8-D56E4D3DCF4F</Type>
                <Type ID="83B637E9-CAAF-40E0-8A3C-C8EF70268325">AS-IS</Type>
                <Type ID="F613650E-1CDE-409A-A972-431F7E206746">27582763-AAC6-4F44-AE18-D432AAEEDCD0</Type>
                <Type ID="20DEA10D-14B0-49EC-884A-DFA9F5CAC03A">27582763-AAC6-4F44-AE18-D432AAEEDCD0</Type>
                <Type ID="18814617-764A-4EA3-A1B7-F190D2D86BCB">2D88BAAC-59DB-47E1-ACEB-E7896F488E17</Type>
            </SectionLayouts>
            <FrontAndBackMatter>
                <DefaultFrontMatter Add="Yes">6E166A5C-F0A7-4B33-9751-BD511DBF6F55</DefaultFrontMatter>
            </FrontAndBackMatter>
        </Format>
        <Format ID="EA244707-35BC-444E-A879-04275E6DEFA1">
            <SectionLayouts>
                <Type ID="2BDAD55B-C0B2-4756-B937-DFF7277AD29B">TEXT-WITH-HEADER</Type>
                <Type ID="7AB707F6-BEDE-46DB-89A3-5609757C208B">AS-IS</Type>
                <Type ID="6452C414-94A2-41E1-A014-A97B441B91F8">TEXT-WITH-HEADER</Type>
                <Type ID="82514BF5-E0E3-4741-98AE-F814CAE63244">AS-IS</Type>
            </SectionLayouts>
            <FrontAndBackMatter>
                <DefaultFrontMatter Add="Yes">6E166A5C-F0A7-4B33-9751-BD511DBF6F55</DefaultFrontMatter>
            </FrontAndBackMatter>
        </Format>
        <Format ID="08E57AE7-B0F7-4308-878D-59B7502E9C66">
            <SectionLayouts>
                <Type ID="2BDAD55B-C0B2-4756-B937-DFF7277AD29B">TEXT-WITH-HEADER</Type>
                <Type ID="7AB707F6-BEDE-46DB-89A3-5609757C208B">AS-IS</Type>
                <Type ID="6452C414-94A2-41E1-A014-A97B441B91F8">TEXT-WITH-HEADER</Type>
                <Type ID="82514BF5-E0E3-4741-98AE-F814CAE63244">AS-IS</Type>
            </SectionLayouts>
            <FrontAndBackMatter>
                <DefaultFrontMatter Add="Yes">6E166A5C-F0A7-4B33-9751-BD511DBF6F55</DefaultFrontMatter>
            </FrontAndBackMatter>
        </Format>
        <Format ID="DEFAULT">
            <SectionLayouts>
                <Type ID="2BDAD55B-C0B2-4756-B937-DFF7277AD29B">NEW-PAGE-HEADER-WITH-TEXT</Type>
                <Type ID="6452C414-94A2-41E1-A014-A97B441B91F8">TEXT-SECTION</Type>
            </SectionLayouts>
        </Format>
        <Format ID="76E72110-FA56-4DF2-8E80-4B543CE463F8">
            <SectionLayouts>
                <Type ID="82514BF5-E0E3-4741-98AE-F814CAE63244">AS-IS</Type>
                <Type ID="2BDAD55B-C0B2-4756-B937-DFF7277AD29B">AS-IS</Type>
                <Type ID="2CE86258-6E74-458B-9A30-80E4576FF4EB">ABFCEFAA-A92A-4FAE-8F6E-90C95E754561</Type>
                <Type ID="6452C414-94A2-41E1-A014-A97B441B91F8">TEXT-WITH-HEADER</Type>
                <Type ID="3F514CCD-B716-4FD0-8ACC-F1F2072B9F65">09333B7E-63C4-40B4-BD4C-F49B3426E403</Type>
                <Type ID="5AD39B0F-DA85-4B21-A533-830148C15C93">TEXT-SECTION</Type>
                <Type ID="52D3A058-E83B-4CAD-B905-648F31414B9B">1C54B3C9-7624-4C3B-960F-C9BCB09B61A3</Type>
                <Type ID="C335CD73-E248-48CB-9E43-BABA1C8683F5">EC77AF77-0B5E-4113-8E2C-BE8A6223E589</Type>
                <Type ID="5E0103DC-2589-4470-868C-28F73457CA91">B06D3BC4-2087-41C8-8C02-8C81D75EC61B</Type>
                <Type ID="E1F57C21-B7BF-4A4A-924D-5732E0EBB37D">AS-IS</Type>
                <Type ID="726E9003-C014-46B5-A0B3-3826F3DB8AD6">AS-IS</Type>
                <Type ID="8583DDA1-43B8-4264-8E76-A42DFCD15641">AS-IS</Type>
                <Type ID="DA258D28-E0C6-4A94-B17B-223EAD20F243">BEABB9B0-084F-4071-A780-A04FBF86716F</Type>
                <Type ID="C32620F1-3264-4C2B-8924-83F145E8E823">AS-IS</Type>
                <Type ID="19A9D861-5FE0-41EA-9F45-0C260B7C4533">AS-IS</Type>
                <Type ID="54B157A9-615C-494E-8350-0B6FC971E817">AS-IS</Type>
                <Type ID="75D4020F-486C-4DF6-8212-24981B8F3E50">AS-IS</Type>
                <Type ID="679A55AF-9F4D-44FD-A45C-662B050A3213">6B43B493-E551-4EC4-AEC5-5BA3C97CC0E2</Type>
                <Type ID="6C419904-1493-4703-846D-EBA2B91208E0">E33BA986-C163-43F7-80F2-349FB2B55E37</Type>
                <Type ID="E93F9107-A3D9-44D0-85BD-2F3F939276DC">8F7D1ED7-2B2D-4618-BD77-4DC6078128E4</Type>
                <Type ID="023D6712-1050-4148-9E55-7FB4F3277A1B">4433CBDF-5BAC-4295-B5B8-D56E4D3DCF4F</Type>
                <Type ID="83B637E9-CAAF-40E0-8A3C-C8EF70268325">AS-IS</Type>
                <Type ID="F613650E-1CDE-409A-A972-431F7E206746">27582763-AAC6-4F44-AE18-D432AAEEDCD0</Type>
                <Type ID="20DEA10D-14B0-49EC-884A-DFA9F5CAC03A">27582763-AAC6-4F44-AE18-D432AAEEDCD0</Type>
            </SectionLayouts>
            <FrontAndBackMatter>
                <DefaultFrontMatter Add="Yes">6E166A5C-F0A7-4B33-9751-BD511DBF6F55</DefaultFrontMatter>
            </FrontAndBackMatter>
        </Format>
        <Format ID="paperback-6x9">
            <SectionLayouts>
                <Type ID="82514BF5-E0E3-4741-98AE-F814CAE63244">AS-IS</Type>
                <Type ID="2BDAD55B-C0B2-4756-B937-DFF7277AD29B">AS-IS</Type>
                <Type ID="2CE86258-6E74-458B-9A30-80E4576FF4EB">DC460EDE-9743-4708-A4E8-B101EAD328E4</Type>
                <Type ID="6452C414-94A2-41E1-A014-A97B441B91F8">D1C35F4C-792E-49A2-BBBE-E6842C9C0FA0</Type>
                <Type ID="3F514CCD-B716-4FD0-8ACC-F1F2072B9F65">D1848966-5D15-4080-B5FA-EDC5063123B0</Type>
                <Type ID="5AD39B0F-DA85-4B21-A533-830148C15C93">TEXT-SECTION</Type>
                <Type ID="52D3A058-E83B-4CAD-B905-648F31414B9B">923B5D83-D682-4091-A4FF-3F87A49A2AD0</Type>
                <Type ID="5E0103DC-2589-4470-868C-28F73457CA91">AS-IS</Type>
                <Type ID="E1F57C21-B7BF-4A4A-924D-5732E0EBB37D">AS-IS</Type>
                <Type ID="726E9003-C014-46B5-A0B3-3826F3DB8AD6">AS-IS</Type>
                <Type ID="8583DDA1-43B8-4264-8E76-A42DFCD15641">AS-IS</Type>
                <Type ID="DA258D28-E0C6-4A94-B17B-223EAD20F243">AS-IS</Type>
                <Type ID="C32620F1-3264-4C2B-8924-83F145E8E823">AS-IS</Type>
                <Type ID="19A9D861-5FE0-41EA-9F45-0C260B7C4533">AS-IS</Type>
                <Type ID="54B157A9-615C-494E-8350-0B6FC971E817">AS-IS</Type>
                <Type ID="75D4020F-486C-4DF6-8212-24981B8F3E50">AS-IS</Type>
                <Type ID="679A55AF-9F4D-44FD-A45C-662B050A3213">AS-IS</Type>
                <Type ID="6C419904-1493-4703-846D-EBA2B91208E0">AS-IS</Type>
                <Type ID="E93F9107-A3D9-44D0-85BD-2F3F939276DC">AS-IS</Type>
                <Type ID="023D6712-1050-4148-9E55-7FB4F3277A1B">AS-IS</Type>
                <Type ID="83B637E9-CAAF-40E0-8A3C-C8EF70268325">AS-IS</Type>
                <Type ID="F613650E-1CDE-409A-A972-431F7E206746">AS-IS</Type>
                <Type ID="20DEA10D-14B0-49EC-884A-DFA9F5CAC03A">AS-IS</Type>
            </SectionLayouts>
        </Format>
    </FormatSettings>
    <LastUsedFormats>
        <Print>5DCA495B-B1B4-443E-BB5D-EEDE70B81C89</Print>
        <mmd>65A827C7-5259-4789-B6A5-4089E38D3791</mmd>
        <mmd-html>mmd-barebones</mmd-html>
        <pdf>paperback-novel</pdf>
        <html>modern-ms</html>
    </LastUsedFormats>
</CompileSettings>