<?xml version="1.0" encoding="UTF-8"?>
<CompileSettings>
    <ProjectSettings>
        <Content Scope="Included">
            <Filter State="Off" Exclude="No" Type="Label">
                <CollectionID>0676D34A-DC44-4DC2-95DC-808FDFA11695</CollectionID>
                <Label>-1</Label>
                <Status>-1</Status>
            </Filter>
        </Content>
        <Options>
            <RemoveComments>Yes</RemoveComments>
            <RemoveAnnotations>Yes</RemoveAnnotations>
            <ResampleImages DPI="72">No</ResampleImages>
            <ConvertTablesAndListToMMD>Yes</ConvertTablesAndListToMMD>
            <ConvertLinksToMMD>Yes</ConvertLinksToMMD>
            <PDF>
                <Cover Source="FrontMatter" Bleed="9.0" BleedUnits="pt"/>
                <Compression Enabled="No">
                    <ImageResolutionCompressionType>Set</ImageResolutionCompressionType>
                    <ImageResolution>150</ImageResolution>
                    <CompressionQuality>0.5</CompressionQuality>
                </Compression>
            </PDF>
            <Scriptwriting>
                <IncludeTitles>Yes</IncludeTitles>
                <IncludeSynopses>Yes</IncludeSynopses>
                <CommentsAsScriptNotes>Yes</CommentsAsScriptNotes>
            </Scriptwriting>
            <Ebook>
                <StartAfterFrontMatter>Yes</StartAfterFrontMatter>
                <Cover>
                    <ImageDocument Source="FrontMatter"/>
                    <Title>Cover</Title>
                    <SVG Width="600" Height="800"><![CDATA[]]></SVG>
                </Cover>
                <TOC PandocDepth="3">
                    <HTML Generate="Yes">
                        <Title>Contents</Title>
                    </HTML>
                </TOC>
            </Ebook>
        </Options>
        <MetaData>
            <ProjectTitle>Scrivener + Quarto Workflow</ProjectTitle>
            <ProjectAbbreviatedTitle>Scrivener + Quarto Workflow</ProjectAbbreviatedTitle>
            <EbookLanguage>en</EbookLanguage>
            <FountainTitlePageMetaData>
                <Value Key="Title"><![CDATA[<$projecttitle>]]></Value>
                <Value Key="Author"><![CDATA[<$author>]]></Value>
            </FountainTitlePageMetaData>
        </MetaData>
    </ProjectSettings>
    <CurrentFileType>mmd</CurrentFileType>
    <FormatSettings>
        <Format ID="26E1DCAE-43E1-47F4-88ED-387C8B8A7EAD">
            <SectionLayouts>
                <Type ID="2BDAD55B-C0B2-4756-B937-DFF7277AD29B">TEXT-WITH-HEADER</Type>
                <Type ID="7AB707F6-BEDE-46DB-89A3-5609757C208B">AS-IS</Type>
                <Type ID="6452C414-94A2-41E1-A014-A97B441B91F8">TEXT-WITH-HEADER</Type>
                <Type ID="82514BF5-E0E3-4741-98AE-F814CAE63244">AS-IS</Type>
            </SectionLayouts>
            <FrontAndBackMatter>
                <DefaultFrontMatter Add="Yes">6E166A5C-F0A7-4B33-9751-BD511DBF6F55</DefaultFrontMatter>
            </FrontAndBackMatter>
        </Format>
        <Format ID="D42D2961-6AB4-4C56-A9DB-88FE1DC899DD">
            <SectionLayouts>
                <Type ID="2BDAD55B-C0B2-4756-B937-DFF7277AD29B">TEXT-WITH-HEADER</Type>
                <Type ID="7AB707F6-BEDE-46DB-89A3-5609757C208B">AS-IS</Type>
                <Type ID="6452C414-94A2-41E1-A014-A97B441B91F8">TEXT-WITH-HEADER</Type>
                <Type ID="82514BF5-E0E3-4741-98AE-F814CAE63244">AS-IS</Type>
            </SectionLayouts>
            <FrontAndBackMatter>
                <DefaultFrontMatter Add="Yes">6E166A5C-F0A7-4B33-9751-BD511DBF6F55</DefaultFrontMatter>
            </FrontAndBackMatter>
        </Format>
        <Format ID="modern-ms">
            <SectionLayouts>
                <Type ID="2BDAD55B-C0B2-4756-B937-DFF7277AD29B">DC460EDE-9743-4708-A4E8-B101EAD328E4</Type>
                <Type ID="7AB707F6-BEDE-46DB-89A3-5609757C208B">AS-IS</Type>
                <Type ID="6452C414-94A2-41E1-A014-A97B441B91F8">21A46E64-6A8C-43C7-A721-81184399E77B</Type>
                <Type ID="82514BF5-E0E3-4741-98AE-F814CAE63244">AS-IS</Type>
            </SectionLayouts>
        </Format>
        <Format ID="0A1F664A-70CA-4EC4-AE34-262B667E4B14">
            <SectionLayouts>
                <Type ID="2BDAD55B-C0B2-4756-B937-DFF7277AD29B">TEXT-WITH-HEADER</Type>
                <Type ID="7AB707F6-BEDE-46DB-89A3-5609757C208B">AS-IS</Type>
                <Type ID="6452C414-94A2-41E1-A014-A97B441B91F8">TEXT-WITH-HEADER</Type>
                <Type ID="82514BF5-E0E3-4741-98AE-F814CAE63244">AS-IS</Type>
            </SectionLayouts>
            <FrontAndBackMatter>
                <DefaultFrontMatter Add="Yes">6E166A5C-F0A7-4B33-9751-BD511DBF6F55</DefaultFrontMatter>
            </FrontAndBackMatter>
        </Format>
        <Format ID="3044CFCE-9649-464C-AC51-E61292FC2B8E">
            <SectionLayouts>
                <Type ID="2BDAD55B-C0B2-4756-B937-DFF7277AD29B">NEW-PAGE-HEADER</Type>
                <Type ID="7AB707F6-BEDE-46DB-89A3-5609757C208B">AS-IS</Type>
                <Type ID="6452C414-94A2-41E1-A014-A97B441B91F8">TEXT-WITH-HEADER</Type>
                <Type ID="82514BF5-E0E3-4741-98AE-F814CAE63244">AS-IS</Type>
            </SectionLayouts>
            <FrontAndBackMatter>
                <DefaultFrontMatter Add="Yes">6E166A5C-F0A7-4B33-9751-BD511DBF6F55</DefaultFrontMatter>
            </FrontAndBackMatter>
        </Format>
        <Format ID="56405122-D9A1-4168-8844-3A914736D962">
            <SectionLayouts>
                <Type ID="2BDAD55B-C0B2-4756-B937-DFF7277AD29B">TEXT-WITH-HEADER</Type>
                <Type ID="7AB707F6-BEDE-46DB-89A3-5609757C208B">AS-IS</Type>
                <Type ID="6452C414-94A2-41E1-A014-A97B441B91F8">TEXT-WITH-HEADER</Type>
                <Type ID="82514BF5-E0E3-4741-98AE-F814CAE63244">AS-IS</Type>
            </SectionLayouts>
            <FrontAndBackMatter>
                <DefaultFrontMatter Add="Yes">6E166A5C-F0A7-4B33-9751-BD511DBF6F55</DefaultFrontMatter>
            </FrontAndBackMatter>
        </Format>
        <Format ID="757521A9-8EDB-45EE-8113-067812540B4E">
            <SectionLayouts>
                <Type ID="2BDAD55B-C0B2-4756-B937-DFF7277AD29B">TEXT-WITH-HEADER</Type>
                <Type ID="7AB707F6-BEDE-46DB-89A3-5609757C208B">AS-IS</Type>
                <Type ID="6452C414-94A2-41E1-A014-A97B441B91F8">TEXT-WITH-HEADER</Type>
                <Type ID="82514BF5-E0E3-4741-98AE-F814CAE63244">AS-IS</Type>
            </SectionLayouts>
            <FrontAndBackMatter>
                <DefaultFrontMatter Add="Yes">6E166A5C-F0A7-4B33-9751-BD511DBF6F55</DefaultFrontMatter>
            </FrontAndBackMatter>
        </Format>
        <Format ID="DEFAULT">
            <SectionLayouts>
                <Type ID="2BDAD55B-C0B2-4756-B937-DFF7277AD29B">NEW-PAGE-HEADER-WITH-TEXT</Type>
                <Type ID="6452C414-94A2-41E1-A014-A97B441B91F8">TEXT-SECTION</Type>
            </SectionLayouts>
        </Format>
        <Format ID="81CB3F20-44A1-4B39-AD2E-C72BB8873881">
            <SectionLayouts>
                <Type ID="2BDAD55B-C0B2-4756-B937-DFF7277AD29B">TEXT-WITH-HEADER</Type>
                <Type ID="7AB707F6-BEDE-46DB-89A3-5609757C208B">AS-IS</Type>
                <Type ID="6452C414-94A2-41E1-A014-A97B441B91F8">TEXT-WITH-HEADER</Type>
                <Type ID="82514BF5-E0E3-4741-98AE-F814CAE63244">AS-IS</Type>
            </SectionLayouts>
            <FrontAndBackMatter>
                <DefaultFrontMatter Add="Yes">6E166A5C-F0A7-4B33-9751-BD511DBF6F55</DefaultFrontMatter>
            </FrontAndBackMatter>
        </Format>
        <Format ID="EFB96498-6DB2-4338-A3B3-D4FDF956A450">
            <SectionLayouts>
                <Type ID="2BDAD55B-C0B2-4756-B937-DFF7277AD29B">TEXT-WITH-HEADER</Type>
                <Type ID="7AB707F6-BEDE-46DB-89A3-5609757C208B">AS-IS</Type>
                <Type ID="6452C414-94A2-41E1-A014-A97B441B91F8">TEXT-WITH-HEADER</Type>
                <Type ID="82514BF5-E0E3-4741-98AE-F814CAE63244">AS-IS</Type>
            </SectionLayouts>
            <FrontAndBackMatter>
                <DefaultFrontMatter Add="Yes">6E166A5C-F0A7-4B33-9751-BD511DBF6F55</DefaultFrontMatter>
            </FrontAndBackMatter>
        </Format>
        <Format ID="03F75240-DAFC-4DDA-A343-C950FC26A033">
            <SectionLayouts>
                <Type ID="2BDAD55B-C0B2-4756-B937-DFF7277AD29B">TEXT-WITH-HEADER</Type>
                <Type ID="7AB707F6-BEDE-46DB-89A3-5609757C208B">AS-IS</Type>
                <Type ID="6452C414-94A2-41E1-A014-A97B441B91F8">TEXT-WITH-HEADER</Type>
                <Type ID="82514BF5-E0E3-4741-98AE-F814CAE63244">AS-IS</Type>
            </SectionLayouts>
            <FrontAndBackMatter>
                <DefaultFrontMatter Add="Yes">6E166A5C-F0A7-4B33-9751-BD511DBF6F55</DefaultFrontMatter>
            </FrontAndBackMatter>
        </Format>
        <Format ID="59D5A026-3541-49A7-A169-C2845C906651">
            <SectionLayouts>
                <Type ID="2BDAD55B-C0B2-4756-B937-DFF7277AD29B">TEXT-WITH-HEADER</Type>
                <Type ID="7AB707F6-BEDE-46DB-89A3-5609757C208B">AS-IS</Type>
                <Type ID="6452C414-94A2-41E1-A014-A97B441B91F8">TEXT-WITH-HEADER</Type>
                <Type ID="82514BF5-E0E3-4741-98AE-F814CAE63244">AS-IS</Type>
            </SectionLayouts>
            <FrontAndBackMatter>
                <DefaultFrontMatter Add="Yes">6E166A5C-F0A7-4B33-9751-BD511DBF6F55</DefaultFrontMatter>
            </FrontAndBackMatter>
        </Format>
        <Format ID="2CC25986-C2E9-4EF1-8A0A-42AEDAF479F3">
            <SectionLayouts>
                <Type ID="2BDAD55B-C0B2-4756-B937-DFF7277AD29B">TEXT-WITH-HEADER</Type>
                <Type ID="7AB707F6-BEDE-46DB-89A3-5609757C208B">AS-IS</Type>
                <Type ID="6452C414-94A2-41E1-A014-A97B441B91F8">TEXT-WITH-HEADER</Type>
                <Type ID="82514BF5-E0E3-4741-98AE-F814CAE63244">AS-IS</Type>
            </SectionLayouts>
            <FrontAndBackMatter>
                <DefaultFrontMatter Add="Yes">6E166A5C-F0A7-4B33-9751-BD511DBF6F55</DefaultFrontMatter>
            </FrontAndBackMatter>
        </Format>
        <Format ID="08E57AE7-B0F7-4308-878D-59B7502E9C66">
            <SectionLayouts>
                <Type ID="2BDAD55B-C0B2-4756-B937-DFF7277AD29B">TEXT-WITH-HEADER</Type>
                <Type ID="7AB707F6-BEDE-46DB-89A3-5609757C208B">AS-IS</Type>
                <Type ID="6452C414-94A2-41E1-A014-A97B441B91F8">TEXT-WITH-HEADER</Type>
                <Type ID="82514BF5-E0E3-4741-98AE-F814CAE63244">AS-IS</Type>
            </SectionLayouts>
            <FrontAndBackMatter>
                <DefaultFrontMatter Add="Yes">6E166A5C-F0A7-4B33-9751-BD511DBF6F55</DefaultFrontMatter>
            </FrontAndBackMatter>
        </Format>
        <Format ID="57A6F61F-F1DD-4DAA-8DC1-8E96E9533885">
            <SectionLayouts>
                <Type ID="2BDAD55B-C0B2-4756-B937-DFF7277AD29B">TEXT-WITH-HEADER</Type>
                <Type ID="7AB707F6-BEDE-46DB-89A3-5609757C208B">AS-IS</Type>
                <Type ID="6452C414-94A2-41E1-A014-A97B441B91F8">TEXT-WITH-HEADER</Type>
                <Type ID="82514BF5-E0E3-4741-98AE-F814CAE63244">AS-IS</Type>
            </SectionLayouts>
            <FrontAndBackMatter>
                <DefaultFrontMatter Add="Yes">6E166A5C-F0A7-4B33-9751-BD511DBF6F55</DefaultFrontMatter>
            </FrontAndBackMatter>
        </Format>
        <Format ID="EA244707-35BC-444E-A879-04275E6DEFA1">
            <SectionLayouts>
                <Type ID="2BDAD55B-C0B2-4756-B937-DFF7277AD29B">TEXT-WITH-HEADER</Type>
                <Type ID="7AB707F6-BEDE-46DB-89A3-5609757C208B">AS-IS</Type>
                <Type ID="6452C414-94A2-41E1-A014-A97B441B91F8">TEXT-WITH-HEADER</Type>
                <Type ID="82514BF5-E0E3-4741-98AE-F814CAE63244">AS-IS</Type>
            </SectionLayouts>
            <FrontAndBackMatter>
                <DefaultFrontMatter Add="Yes">6E166A5C-F0A7-4B33-9751-BD511DBF6F55</DefaultFrontMatter>
            </FrontAndBackMatter>
        </Format>
    </FormatSettings>
    <LastUsedFormats>
        <Print>3044CFCE-9649-464C-AC51-E61292FC2B8E</Print>
        <mmd>03F75240-DAFC-4DDA-A343-C950FC26A033</mmd>
        <pdf>modern-ms</pdf>
        <html>modern-ms</html>
    </LastUsedFormats>
</CompileSettings>