<?xml version="1.0" encoding="UTF-8"?>
<ProjectPreferences Version="1.0">
    <UseProjectPreferences>Yes</UseProjectPreferences>
    <TextFormatRTFData><![CDATA[{\rtf1\ansi\ansicpg1252\cocoartf2707
\cocoatextscaling0\cocoaplatform0{\fonttbl\f0\fnil\fcharset0 AvenirNext-Regular;}
{\colortbl;\red255\green255\blue255;}
{\*\expandedcolortbl;;}
\pard\tx0\tx0\tx567\tx1134\tx1701\sl312\slmult1\pardirnatural\qj\partightenfactor0

\f0\fs24 \cf0 Attributes}]]></TextFormatRTFData>
    <UseCustomFootnotesFont>No</UseCustomFootnotesFont>
    <FootnotesFont Size="10.0">TimesNewRomanPSMT</FootnotesFont>
    <FootnoteMarker UseMarker="No">*</FootnoteMarker>
</ProjectPreferences>