<?xml version="1.0" encoding="UTF-8"?>
<UIStates>
    <Binder Show="Yes">
        <ShowCollections>No</ShowCollections>
        <SelectedCollection>0</SelectedCollection>
        <SubdocumentCounts>No</SubdocumentCounts>
        <ExpandedItems>
            <ItemID>9D32A05A-EAD8-47BC-B2CD-1E7C5DF4EFD5</ItemID>
            <ItemID>C7DE6C79-67F9-4873-BD08-376A867C1B6E</ItemID>
            <ItemID>C63B82F3-A5A4-434B-B980-B35638063314</ItemID>
            <ItemID>DAEEA030-90C5-4CF3-B823-BA362EA9AFD3</ItemID>
        </ExpandedItems>
        <Selection>
            <ItemID>9D32A05A-EAD8-47BC-B2CD-1E7C5DF4EFD5</ItemID>
        </Selection>
        <SearchResultsSort Titles="Ascending" Dates="Ascending">None</SearchResultsSort>
    </Binder>
    <Inspector Show="No" View="Notes">
        <ShowProjectBookmarks>No</ShowProjectBookmarks>
        <ShowSimilarTexts>No</ShowSimilarTexts>
        <Collapse>CustomMetaData</Collapse>
        <FootnoteNumbers Prompt="No">No</FootnoteNumbers>
    </Inspector>
    <Split>None</Split>
    <BinderAffects>Current</BinderAffects>
    <Labels>
        <Binder FullWidth="No">No</Binder>
        <Icons>No</Icons>
        <IndexCards>No</IndexCards>
        <OutlinerRows>No</OutlinerRows>
        <ScriveningsTitles>No</ScriveningsTitles>
    </Labels>
    <Corkboards>
        <LabelIndicators>Yes</LabelIndicators>
        <Stamps>No</Stamps>
        <Keywords>No</Keywords>
        <Numbers Restart="No">No</Numbers>
        <SnapToGrid>No</SnapToGrid>
        <BlankCardsAsGhosts>No</BlankCardsAsGhosts>
    </Corkboards>
    <Text>
        <ShowFormatBar>Yes</ShowFormatBar>
        <UseVerticalLayout>No</UseVerticalLayout>
        <ShowScriveningsTitles>Yes</ShowScriveningsTitles>
        <ShowInvisibles>Yes</ShowInvisibles>
        <RevisionMode>0</RevisionMode>
        <TextChecking>
            <Spelling>No</Spelling>
            <Grammar>No</Grammar>
            <SmartQuotes>Yes</SmartQuotes>
            <SmartDashes>No</SmartDashes>
        </TextChecking>
    </Text>
    <FullScreen>
        <ShowRuler>No</ShowRuler>
        <PageLayout Facing="No">No</PageLayout>
        <TypewriterScrolling>Yes</TypewriterScrolling>
    </FullScreen>
    <Editors Primary="Editor1">
        <Editor1>
            <View>
                <ShowHeader>Yes</ShowHeader>
                <ShowFooter>Yes</ShowFooter>
                <GroupsViewMode>Scrivenings</GroupsViewMode>
                <CurrentViewMode>Scrivenings</CurrentViewMode>
                <SelectionAffects>None</SelectionAffects>
                <Content>
                    <ItemID>9D32A05A-EAD8-47BC-B2CD-1E7C5DF4EFD5</ItemID>
                </Content>
                <NavigationHistory CurrentIndex="99">
                    <HistoryItem Type="BinderItems" ViewMode="Single">970591F7-5187-42B5-ABD1-3395110CE19E</HistoryItem>
                    <HistoryItem Type="BinderItems" ViewMode="Single">874FC928-F6CD-4B4B-A8C9-5400A210E27C</HistoryItem>
                    <HistoryItem Type="BinderItems" ViewMode="Single">3EA388E0-C7E3-45D2-8D8E-C8DD7AE862F6</HistoryItem>
                    <HistoryItem Type="BinderItems" ViewMode="Single">6E166A5C-F0A7-4B33-9751-BD511DBF6F55</HistoryItem>
                    <HistoryItem Type="BinderItems" ViewMode="Single">3EA388E0-C7E3-45D2-8D8E-C8DD7AE862F6</HistoryItem>
                    <HistoryItem Type="BinderItems" ViewMode="Single">874FC928-F6CD-4B4B-A8C9-5400A210E27C</HistoryItem>
                    <HistoryItem Type="BinderItems" ViewMode="Single">970591F7-5187-42B5-ABD1-3395110CE19E</HistoryItem>
                    <HistoryItem Type="BinderItems" ViewMode="Single">BC65073D-ED94-401E-A1AB-1A62306E4ACA</HistoryItem>
                    <HistoryItem Type="BinderItems" ViewMode="Single">874FC928-F6CD-4B4B-A8C9-5400A210E27C</HistoryItem>
                    <HistoryItem Type="BinderItems" ViewMode="Single">3EA388E0-C7E3-45D2-8D8E-C8DD7AE862F6</HistoryItem>
                    <HistoryItem Type="BinderItems" ViewMode="Single">BC65073D-ED94-401E-A1AB-1A62306E4ACA</HistoryItem>
                    <HistoryItem Type="BinderItems" ViewMode="Single">AD107F76-1964-416F-8DD0-01B59C5A3060</HistoryItem>
                    <HistoryItem Type="BinderItems" ViewMode="Single">874FC928-F6CD-4B4B-A8C9-5400A210E27C</HistoryItem>
                    <HistoryItem Type="BinderItems" ViewMode="Single">AD107F76-1964-416F-8DD0-01B59C5A3060</HistoryItem>
                    <HistoryItem Type="BinderItems" ViewMode="Single">BC65073D-ED94-401E-A1AB-1A62306E4ACA</HistoryItem>
                    <HistoryItem Type="BinderItems" ViewMode="Single">AD107F76-1964-416F-8DD0-01B59C5A3060</HistoryItem>
                    <HistoryItem Type="BinderItems" ViewMode="Single">6E166A5C-F0A7-4B33-9751-BD511DBF6F55</HistoryItem>
                    <HistoryItem Type="BinderItems" ViewMode="Single">BC65073D-ED94-401E-A1AB-1A62306E4ACA</HistoryItem>
                    <HistoryItem Type="BinderItems" ViewMode="Single">3EA388E0-C7E3-45D2-8D8E-C8DD7AE862F6</HistoryItem>
                    <HistoryItem Type="BinderItems" ViewMode="Single">6E166A5C-F0A7-4B33-9751-BD511DBF6F55</HistoryItem>
                    <HistoryItem Type="BinderItems" ViewMode="Scrivenings" ScriveningsSelection="5849,0">9D32A05A-EAD8-47BC-B2CD-1E7C5DF4EFD5</HistoryItem>
                    <HistoryItem Type="BinderItems" ViewMode="Single">AD107F76-1964-416F-8DD0-01B59C5A3060</HistoryItem>
                    <HistoryItem Type="BinderItems" ViewMode="Single">F59D4BB3-2F47-4FF7-8B38-B165E0FFD754</HistoryItem>
                    <HistoryItem Type="BinderItems" ViewMode="Scrivenings">D04A29F1-8103-4E3F-9781-698D9B1F60B2</HistoryItem>
                    <HistoryItem Type="BinderItems" ViewMode="Single">F59D4BB3-2F47-4FF7-8B38-B165E0FFD754</HistoryItem>
                    <HistoryItem Type="BinderItems" ViewMode="Single">6E166A5C-F0A7-4B33-9751-BD511DBF6F55</HistoryItem>
                    <HistoryItem Type="BinderItems" ViewMode="Single">3EA388E0-C7E3-45D2-8D8E-C8DD7AE862F6</HistoryItem>
                    <HistoryItem Type="BinderItems" ViewMode="Single">874FC928-F6CD-4B4B-A8C9-5400A210E27C</HistoryItem>
                    <HistoryItem Type="BinderItems" ViewMode="Single">3EA388E0-C7E3-45D2-8D8E-C8DD7AE862F6</HistoryItem>
                    <HistoryItem Type="BinderItems" ViewMode="Single">BC65073D-ED94-401E-A1AB-1A62306E4ACA</HistoryItem>
                    <HistoryItem Type="BinderItems" ViewMode="Single">874FC928-F6CD-4B4B-A8C9-5400A210E27C</HistoryItem>
                    <HistoryItem Type="BinderItems" ViewMode="Single">3EA388E0-C7E3-45D2-8D8E-C8DD7AE862F6</HistoryItem>
                    <HistoryItem Type="BinderItems" ViewMode="Single">BC65073D-ED94-401E-A1AB-1A62306E4ACA</HistoryItem>
                    <HistoryItem Type="BinderItems" ViewMode="Single">970591F7-5187-42B5-ABD1-3395110CE19E</HistoryItem>
                    <HistoryItem Type="BinderItems" ViewMode="Single">B1C2539F-161E-4BFA-BAB0-F0852C43338A</HistoryItem>
                    <HistoryItem Type="BinderItems" ViewMode="Single">F8BC2FA3-3A32-489C-952D-912909D9543F</HistoryItem>
                    <HistoryItem Type="BinderItems" ViewMode="Single">B3017584-77DF-4751-89E1-EA62098C1BDB</HistoryItem>
                    <HistoryItem Type="BinderItems" ViewMode="Single">F8BC2FA3-3A32-489C-952D-912909D9543F</HistoryItem>
                    <HistoryItem Type="BinderItems" ViewMode="Single">B1C2539F-161E-4BFA-BAB0-F0852C43338A</HistoryItem>
                    <HistoryItem Type="BinderItems" ViewMode="Scrivenings" ScriveningsSelection="0,0">C63B82F3-A5A4-434B-B980-B35638063314</HistoryItem>
                    <HistoryItem Type="BinderItems" ViewMode="Single">970591F7-5187-42B5-ABD1-3395110CE19E</HistoryItem>
                    <HistoryItem Type="BinderItems" ViewMode="Single">BC65073D-ED94-401E-A1AB-1A62306E4ACA</HistoryItem>
                    <HistoryItem Type="BinderItems" ViewMode="Single">874FC928-F6CD-4B4B-A8C9-5400A210E27C</HistoryItem>
                    <HistoryItem Type="BinderItems" ViewMode="Single">ABD194A7-0E88-4F19-B4D6-09A367CAEFBC</HistoryItem>
                    <HistoryItem Type="BinderItems" ViewMode="Single">BC65073D-ED94-401E-A1AB-1A62306E4ACA</HistoryItem>
                    <HistoryItem Type="BinderItems" ViewMode="Single">970591F7-5187-42B5-ABD1-3395110CE19E</HistoryItem>
                    <HistoryItem Type="BinderItems" ViewMode="Single">B1C2539F-161E-4BFA-BAB0-F0852C43338A</HistoryItem>
                    <HistoryItem Type="BinderItems" ViewMode="Single">874FC928-F6CD-4B4B-A8C9-5400A210E27C</HistoryItem>
                    <HistoryItem Type="BinderItems" ViewMode="Single">B1C2539F-161E-4BFA-BAB0-F0852C43338A</HistoryItem>
                    <HistoryItem Type="BinderItems" ViewMode="Single">C960813C-1D04-4F44-BD22-BB0F2DB282E0</HistoryItem>
                    <HistoryItem Type="BinderItems" ViewMode="Single">B1C2539F-161E-4BFA-BAB0-F0852C43338A</HistoryItem>
                    <HistoryItem Type="BinderItems" ViewMode="Single">B3017584-77DF-4751-89E1-EA62098C1BDB</HistoryItem>
                    <HistoryItem Type="BinderItems" ViewMode="Single">6E166A5C-F0A7-4B33-9751-BD511DBF6F55</HistoryItem>
                    <HistoryItem Type="BinderItems" ViewMode="Single">3EA388E0-C7E3-45D2-8D8E-C8DD7AE862F6</HistoryItem>
                    <HistoryItem Type="BinderItems" ViewMode="Single">BC65073D-ED94-401E-A1AB-1A62306E4ACA</HistoryItem>
                    <HistoryItem Type="BinderItems" ViewMode="Single">3EA388E0-C7E3-45D2-8D8E-C8DD7AE862F6</HistoryItem>
                    <HistoryItem Type="BinderItems" ViewMode="Single">BC65073D-ED94-401E-A1AB-1A62306E4ACA</HistoryItem>
                    <HistoryItem Type="BinderItems" ViewMode="Single">3EA388E0-C7E3-45D2-8D8E-C8DD7AE862F6</HistoryItem>
                    <HistoryItem Type="BinderItems" ViewMode="Single">ABD194A7-0E88-4F19-B4D6-09A367CAEFBC</HistoryItem>
                    <HistoryItem Type="BinderItems" ViewMode="Single">874FC928-F6CD-4B4B-A8C9-5400A210E27C</HistoryItem>
                    <HistoryItem Type="BinderItems" ViewMode="Scrivenings" ScriveningsSelection="6748,0">C7DE6C79-67F9-4873-BD08-376A867C1B6E</HistoryItem>
                    <HistoryItem Type="BinderItems" ViewMode="Scrivenings" ScriveningsSelection="3309,0">C63B82F3-A5A4-434B-B980-B35638063314</HistoryItem>
                    <HistoryItem Type="BinderItems" ViewMode="Single">B3017584-77DF-4751-89E1-EA62098C1BDB</HistoryItem>
                    <HistoryItem Type="BinderItems" ViewMode="Single">DAE0B6CC-07A9-46F2-ACED-44F8DD10D299</HistoryItem>
                    <HistoryItem Type="BinderItems" ViewMode="Scrivenings" ScriveningsSelection="0,0">9D32A05A-EAD8-47BC-B2CD-1E7C5DF4EFD5</HistoryItem>
                    <HistoryItem Type="BinderItems" ViewMode="Single">F59D4BB3-2F47-4FF7-8B38-B165E0FFD754</HistoryItem>
                    <HistoryItem Type="BinderItems" ViewMode="Single">AD107F76-1964-416F-8DD0-01B59C5A3060</HistoryItem>
                    <HistoryItem Type="BinderItems" ViewMode="Single">B1C2539F-161E-4BFA-BAB0-F0852C43338A</HistoryItem>
                    <HistoryItem Type="BinderItems" ViewMode="Single">970591F7-5187-42B5-ABD1-3395110CE19E</HistoryItem>
                    <HistoryItem Type="BinderItems" ViewMode="Single">3EA388E0-C7E3-45D2-8D8E-C8DD7AE862F6</HistoryItem>
                    <HistoryItem Type="BinderItems" ViewMode="Scrivenings" ScriveningsSelection="1917,0">C7DE6C79-67F9-4873-BD08-376A867C1B6E</HistoryItem>
                    <HistoryItem Type="BinderItems" ViewMode="Single">970591F7-5187-42B5-ABD1-3395110CE19E</HistoryItem>
                    <HistoryItem Type="BinderItems" ViewMode="Single">3EA388E0-C7E3-45D2-8D8E-C8DD7AE862F6</HistoryItem>
                    <HistoryItem Type="BinderItems" ViewMode="Single">BC65073D-ED94-401E-A1AB-1A62306E4ACA</HistoryItem>
                    <HistoryItem Type="BinderItems" ViewMode="Single">970591F7-5187-42B5-ABD1-3395110CE19E</HistoryItem>
                    <HistoryItem Type="BinderItems" ViewMode="Scrivenings" ScriveningsSelection="2740,0">C7DE6C79-67F9-4873-BD08-376A867C1B6E</HistoryItem>
                    <HistoryItem Type="BinderItems" ViewMode="Scrivenings" ScriveningsSelection="14301,0">9D32A05A-EAD8-47BC-B2CD-1E7C5DF4EFD5</HistoryItem>
                    <HistoryItem Type="BinderItems" ViewMode="Single">BC65073D-ED94-401E-A1AB-1A62306E4ACA</HistoryItem>
                    <HistoryItem Type="BinderItems" ViewMode="Single">B1C2539F-161E-4BFA-BAB0-F0852C43338A</HistoryItem>
                    <HistoryItem Type="BinderItems" ViewMode="Single">6E166A5C-F0A7-4B33-9751-BD511DBF6F55</HistoryItem>
                    <HistoryItem Type="BinderItems" ViewMode="Single">ABD194A7-0E88-4F19-B4D6-09A367CAEFBC</HistoryItem>
                    <HistoryItem Type="BinderItems" ViewMode="Single">6E166A5C-F0A7-4B33-9751-BD511DBF6F55</HistoryItem>
                    <HistoryItem Type="BinderItems" ViewMode="Single">BC65073D-ED94-401E-A1AB-1A62306E4ACA</HistoryItem>
                    <HistoryItem Type="BinderItems" ViewMode="Single">970591F7-5187-42B5-ABD1-3395110CE19E</HistoryItem>
                    <HistoryItem Type="BinderItems" ViewMode="Scrivenings" ScriveningsSelection="0,0">9D32A05A-EAD8-47BC-B2CD-1E7C5DF4EFD5</HistoryItem>
                    <HistoryItem Type="BinderItems" ViewMode="Single">6E166A5C-F0A7-4B33-9751-BD511DBF6F55</HistoryItem>
                    <HistoryItem Type="BinderItems" ViewMode="Single">DAE0B6CC-07A9-46F2-ACED-44F8DD10D299</HistoryItem>
                    <HistoryItem Type="BinderItems" ViewMode="Single">B3017584-77DF-4751-89E1-EA62098C1BDB</HistoryItem>
                    <HistoryItem Type="BinderItems" ViewMode="Single">F8BC2FA3-3A32-489C-952D-912909D9543F</HistoryItem>
                    <HistoryItem Type="BinderItems" ViewMode="Single">B1C2539F-161E-4BFA-BAB0-F0852C43338A</HistoryItem>
                    <HistoryItem Type="BinderItems" ViewMode="Scrivenings" ScriveningsSelection="0,0">C63B82F3-A5A4-434B-B980-B35638063314</HistoryItem>
                    <HistoryItem Type="BinderItems" ViewMode="Scrivenings" ScriveningsSelection="86,0">C7DE6C79-67F9-4873-BD08-376A867C1B6E</HistoryItem>
                    <HistoryItem Type="BinderItems" ViewMode="Scrivenings" ScriveningsSelection="505,0">9D32A05A-EAD8-47BC-B2CD-1E7C5DF4EFD5</HistoryItem>
                    <HistoryItem Type="BinderItems" ViewMode="Single">AD107F76-1964-416F-8DD0-01B59C5A3060</HistoryItem>
                    <HistoryItem Type="BinderItems" ViewMode="Single">F59D4BB3-2F47-4FF7-8B38-B165E0FFD754</HistoryItem>
                    <HistoryItem Type="BinderItems" ViewMode="Single">6E166A5C-F0A7-4B33-9751-BD511DBF6F55</HistoryItem>
                    <HistoryItem Type="BinderItems" ViewMode="Scrivenings" ScriveningsSelection="315,0">9D32A05A-EAD8-47BC-B2CD-1E7C5DF4EFD5</HistoryItem>
                    <HistoryItem Type="BinderItems" ViewMode="Single">F59D4BB3-2F47-4FF7-8B38-B165E0FFD754</HistoryItem>
                    <HistoryItem Type="BinderItems" ViewMode="Single">AD107F76-1964-416F-8DD0-01B59C5A3060</HistoryItem>
                    <HistoryItem Type="BinderItems" ViewMode="Scrivenings">9D32A05A-EAD8-47BC-B2CD-1E7C5DF4EFD5</HistoryItem>
                </NavigationHistory>
            </View>
            <Text>
                <ShowRuler>Yes</ShowRuler>
                <PageLayout Facing="No">No</PageLayout>
                <TypewriterScrolling>No</TypewriterScrolling>
                <LineNumbers Interval="1">No</LineNumbers>
                <Selection>9,0</Selection>
            </Text>
            <Outliner>
                <Columns>
                    <ColID>title</ColID>
                    <ColID>label</ColID>
                    <ColID>status</ColID>
                    <ColID>sectionType</ColID>
                    <ColID>words</ColID>
                    <ColID>characters</ColID>
                    <ColID>totalWords</ColID>
                </Columns>
                <ExpandedItems>
                    <ItemID>C7DE6C79-67F9-4873-BD08-376A867C1B6E</ItemID>
                    <ItemID>C63B82F3-A5A4-434B-B980-B35638063314</ItemID>
                </ExpandedItems>
                <TitlesOnly>No</TitlesOnly>
                <HideIcons>No</HideIcons>
                <ShowNumbers>No</ShowNumbers>
                <KeywordsAsChips>Yes</KeywordsAsChips>
                <FixedRowHeights>No</FixedRowHeights>
            </Outliner>
            <Corkboard>
                <CardsAcross>-1</CardsAcross>
                <KeywordChips>5</KeywordChips>
                <SizeCardsToFit>Yes</SizeCardsToFit>
                <CardHeightRatio>0.6666</CardHeightRatio>
                <SectionsArrangement>Wrap</SectionsArrangement>
                <LabelThreadsUseColumns>No</LabelThreadsUseColumns>
            </Corkboard>
            <Copyholder PreferredOrientation="Vertical" VerticalPos="Right" HorizontalPos="Bottom">
                <Text>
                    <ShowRuler>No</ShowRuler>
                    <PageLayout Facing="No">No</PageLayout>
                    <TypewriterScrolling>No</TypewriterScrolling>
                    <LineNumbers Interval="1">No</LineNumbers>
                </Text>
            </Copyholder>
        </Editor1>
        <Editor2>
            <View>
                <ShowHeader>Yes</ShowHeader>
                <ShowFooter>Yes</ShowFooter>
                <GroupsViewMode>Corkboard</GroupsViewMode>
                <SelectionAffects>None</SelectionAffects>
            </View>
            <Text>
                <ShowRuler>No</ShowRuler>
                <PageLayout Facing="No">No</PageLayout>
                <TypewriterScrolling>No</TypewriterScrolling>
                <LineNumbers Interval="1">No</LineNumbers>
                <Selection>0,0</Selection>
            </Text>
            <Outliner>
                <Columns>
                    <ColID>title</ColID>
                    <ColID>label</ColID>
                    <ColID>status</ColID>
                    <ColID>sectionType</ColID>
                </Columns>
                <TitlesOnly>No</TitlesOnly>
                <HideIcons>No</HideIcons>
                <ShowNumbers>No</ShowNumbers>
                <KeywordsAsChips>Yes</KeywordsAsChips>
                <FixedRowHeights>No</FixedRowHeights>
            </Outliner>
            <Corkboard>
                <CardsAcross>-1</CardsAcross>
                <KeywordChips>5</KeywordChips>
                <SizeCardsToFit>Yes</SizeCardsToFit>
                <CardHeightRatio>0.6666</CardHeightRatio>
                <SectionsArrangement>Wrap</SectionsArrangement>
                <LabelThreadsUseColumns>No</LabelThreadsUseColumns>
            </Corkboard>
            <Copyholder PreferredOrientation="Vertical" VerticalPos="Right" HorizontalPos="Bottom">
                <Text>
                    <ShowRuler>No</ShowRuler>
                    <PageLayout Facing="No">No</PageLayout>
                    <TypewriterScrolling>No</TypewriterScrolling>
                    <LineNumbers Interval="1">No</LineNumbers>
                </Text>
            </Copyholder>
        </Editor2>
    </Editors>
</UIStates>