<?xml version="1.0" encoding="UTF-8"?>
<UIStates>
    <Binder Show="Yes">
        <ShowCollections>No</ShowCollections>
        <SelectedCollection>0</SelectedCollection>
        <SubdocumentCounts>No</SubdocumentCounts>
        <ExpandedItems>
            <ItemID>9D32A05A-EAD8-47BC-B2CD-1E7C5DF4EFD5</ItemID>
            <ItemID>DAEEA030-90C5-4CF3-B823-BA362EA9AFD3</ItemID>
            <ItemID>8B014782-1E52-4F6D-B15C-CA5FB440B23B</ItemID>
            <ItemID>D04A29F1-8103-4E3F-9781-698D9B1F60B2</ItemID>
        </ExpandedItems>
        <Selection>
            <ItemID>9D32A05A-EAD8-47BC-B2CD-1E7C5DF4EFD5</ItemID>
        </Selection>
        <SearchResultsSort Titles="Ascending" Dates="Ascending">None</SearchResultsSort>
    </Binder>
    <Inspector Show="Yes" View="MetaData">
        <ShowProjectBookmarks>No</ShowProjectBookmarks>
        <ShowSimilarTexts>No</ShowSimilarTexts>
        <FootnoteNumbers Prompt="No">No</FootnoteNumbers>
    </Inspector>
    <Split>None</Split>
    <BinderAffects>Current</BinderAffects>
    <Labels>
        <Binder FullWidth="No">No</Binder>
        <Icons>No</Icons>
        <IndexCards>No</IndexCards>
        <OutlinerRows>No</OutlinerRows>
        <ScriveningsTitles>No</ScriveningsTitles>
    </Labels>
    <Corkboards>
        <LabelIndicators>Yes</LabelIndicators>
        <Stamps>No</Stamps>
        <Keywords>No</Keywords>
        <Numbers Restart="No">No</Numbers>
        <SnapToGrid>No</SnapToGrid>
        <BlankCardsAsGhosts>No</BlankCardsAsGhosts>
    </Corkboards>
    <Text>
        <ShowFormatBar>Yes</ShowFormatBar>
        <UseVerticalLayout>No</UseVerticalLayout>
        <ShowScriveningsTitles>Yes</ShowScriveningsTitles>
        <ShowInvisibles>No</ShowInvisibles>
        <RevisionMode>0</RevisionMode>
        <TextChecking>
            <Spelling>No</Spelling>
            <Grammar>No</Grammar>
            <SmartQuotes>No</SmartQuotes>
            <SmartDashes>No</SmartDashes>
        </TextChecking>
    </Text>
    <FullScreen>
        <ShowRuler>No</ShowRuler>
        <PageLayout Facing="No">No</PageLayout>
        <TypewriterScrolling>Yes</TypewriterScrolling>
    </FullScreen>
    <Editors Primary="Editor1">
        <Editor1>
            <View>
                <ShowHeader>Yes</ShowHeader>
                <ShowFooter>Yes</ShowFooter>
                <GroupsViewMode>Scrivenings</GroupsViewMode>
                <CurrentViewMode>Scrivenings</CurrentViewMode>
                <SelectionAffects>None</SelectionAffects>
                <Content>
                    <ItemID>9D32A05A-EAD8-47BC-B2CD-1E7C5DF4EFD5</ItemID>
                </Content>
                <NavigationHistory CurrentIndex="99">
                    <HistoryItem Type="BinderItems" ViewMode="Single">538C111A-6FE6-4B35-9B93-14232AF1572B</HistoryItem>
                    <HistoryItem Type="BinderItems" ViewMode="Single">AB20E377-AA9F-46EB-9D42-CFDA75D5D58C</HistoryItem>
                    <HistoryItem Type="BinderItems" ViewMode="Single">0FEBFFB9-BE9B-405B-A67E-41D0B40C345A</HistoryItem>
                    <HistoryItem Type="BinderItems" ViewMode="Single">AB20E377-AA9F-46EB-9D42-CFDA75D5D58C</HistoryItem>
                    <HistoryItem Type="BinderItems" ViewMode="Single">0CD37C9C-B62F-44D6-9290-BE255E64CBCC</HistoryItem>
                    <HistoryItem Type="BinderItems" ViewMode="Single">AB20E377-AA9F-46EB-9D42-CFDA75D5D58C</HistoryItem>
                    <HistoryItem Type="BinderItems" ViewMode="Single">0FEBFFB9-BE9B-405B-A67E-41D0B40C345A</HistoryItem>
                    <HistoryItem Type="BinderItems" ViewMode="Single">F8BC2FA3-3A32-489C-952D-912909D9543F</HistoryItem>
                    <HistoryItem Type="BinderItems" ViewMode="Single">2A3CE4F8-B8AE-4E24-94A0-DA38CBE20492</HistoryItem>
                    <HistoryItem Type="BinderItems" ViewMode="Single">E8956215-97C1-41DA-8AB9-50C2891EA656</HistoryItem>
                    <HistoryItem Type="BinderItems" ViewMode="Single">6E166A5C-F0A7-4B33-9751-BD511DBF6F55</HistoryItem>
                    <HistoryItem Type="BinderItems" ViewMode="Scrivenings" ScriveningsSelection="0,0">9D32A05A-EAD8-47BC-B2CD-1E7C5DF4EFD5</HistoryItem>
                    <HistoryItem Type="BinderItems" ViewMode="Single">6E166A5C-F0A7-4B33-9751-BD511DBF6F55</HistoryItem>
                    <HistoryItem Type="BinderItems" ViewMode="Single">BC65073D-ED94-401E-A1AB-1A62306E4ACA</HistoryItem>
                    <HistoryItem Type="BinderItems" ViewMode="Single">874FC928-F6CD-4B4B-A8C9-5400A210E27C</HistoryItem>
                    <HistoryItem Type="BinderItems" ViewMode="Single">538C111A-6FE6-4B35-9B93-14232AF1572B</HistoryItem>
                    <HistoryItem Type="BinderItems" ViewMode="Single">11709F70-97CB-4CF6-B600-51EE0E1FCD5E</HistoryItem>
                    <HistoryItem Type="BinderItems" ViewMode="Single">0FEBFFB9-BE9B-405B-A67E-41D0B40C345A</HistoryItem>
                    <HistoryItem Type="BinderItems" ViewMode="Single">2A3CE4F8-B8AE-4E24-94A0-DA38CBE20492</HistoryItem>
                    <HistoryItem Type="BinderItems" ViewMode="Single">AB20E377-AA9F-46EB-9D42-CFDA75D5D58C</HistoryItem>
                    <HistoryItem Type="BinderItems" ViewMode="Scrivenings">DAEEA030-90C5-4CF3-B823-BA362EA9AFD3</HistoryItem>
                    <HistoryItem Type="BinderItems" ViewMode="Single">ABD194A7-0E88-4F19-B4D6-09A367CAEFBC</HistoryItem>
                    <HistoryItem Type="BinderItems" ViewMode="Scrivenings" ScriveningsSelection="0,0">8B014782-1E52-4F6D-B15C-CA5FB440B23B</HistoryItem>
                    <HistoryItem Type="BinderItems" ViewMode="Scrivenings" ScriveningsSelection="0,0">9D32A05A-EAD8-47BC-B2CD-1E7C5DF4EFD5</HistoryItem>
                    <HistoryItem Type="BinderItems" ViewMode="Single">ABD194A7-0E88-4F19-B4D6-09A367CAEFBC</HistoryItem>
                    <HistoryItem Type="BinderItems" ViewMode="Single">D3758D51-73E1-41A3-9947-FF13D054291A</HistoryItem>
                    <HistoryItem Type="BinderItems" ViewMode="Single">AD107F76-1964-416F-8DD0-01B59C5A3060</HistoryItem>
                    <HistoryItem Type="BinderItems" ViewMode="Single">96690C34-1F3E-4364-9883-79E52C6E4086</HistoryItem>
                    <HistoryItem Type="BinderItems" ViewMode="Single">4999718C-11F3-4D34-ACCA-BB27CFC74482</HistoryItem>
                    <HistoryItem Type="BinderItems" ViewMode="Single">E6204736-36FA-48B6-A26B-865057BCFEB5</HistoryItem>
                    <HistoryItem Type="BinderItems" ViewMode="Single">E5DA4A67-63A9-4CB1-8886-CE7761A62A5B</HistoryItem>
                    <HistoryItem Type="BinderItems" ViewMode="Single">874FC928-F6CD-4B4B-A8C9-5400A210E27C</HistoryItem>
                    <HistoryItem Type="BinderItems" ViewMode="Scrivenings" ScriveningsSelection="0,0">C7DE6C79-67F9-4873-BD08-376A867C1B6E</HistoryItem>
                    <HistoryItem Type="BinderItems" ViewMode="Scrivenings" ScriveningsSelection="0,0">C63B82F3-A5A4-434B-B980-B35638063314</HistoryItem>
                    <HistoryItem Type="BinderItems" ViewMode="Single">B3017584-77DF-4751-89E1-EA62098C1BDB</HistoryItem>
                    <HistoryItem Type="BinderItems" ViewMode="Single">E5DA4A67-63A9-4CB1-8886-CE7761A62A5B</HistoryItem>
                    <HistoryItem Type="BinderItems" ViewMode="Single">DAE0B6CC-07A9-46F2-ACED-44F8DD10D299</HistoryItem>
                    <HistoryItem Type="BinderItems" ViewMode="Single">6777C5FF-BCD4-43E1-9A65-8AB83586DDD7</HistoryItem>
                    <HistoryItem Type="BinderItems" ViewMode="Single">E6204736-36FA-48B6-A26B-865057BCFEB5</HistoryItem>
                    <HistoryItem Type="BinderItems" ViewMode="Single">DAE0B6CC-07A9-46F2-ACED-44F8DD10D299</HistoryItem>
                    <HistoryItem Type="BinderItems" ViewMode="Single">6777C5FF-BCD4-43E1-9A65-8AB83586DDD7</HistoryItem>
                    <HistoryItem Type="BinderItems" ViewMode="Single">E6204736-36FA-48B6-A26B-865057BCFEB5</HistoryItem>
                    <HistoryItem Type="BinderItems" ViewMode="Single">F1AA3BE0-F47B-44A4-9681-B165BEDB56C7</HistoryItem>
                    <HistoryItem Type="BinderItems" ViewMode="Single">E5DA4A67-63A9-4CB1-8886-CE7761A62A5B</HistoryItem>
                    <HistoryItem Type="BinderItems" ViewMode="Single">B3017584-77DF-4751-89E1-EA62098C1BDB</HistoryItem>
                    <HistoryItem Type="BinderItems" ViewMode="Single">A6D02C06-BC06-40BB-9B28-D402C89F3D84</HistoryItem>
                    <HistoryItem Type="BinderItems" ViewMode="Single">2A3CE4F8-B8AE-4E24-94A0-DA38CBE20492</HistoryItem>
                    <HistoryItem Type="BinderItems" ViewMode="Single">F8BC2FA3-3A32-489C-952D-912909D9543F</HistoryItem>
                    <HistoryItem Type="BinderItems" ViewMode="Single">4999718C-11F3-4D34-ACCA-BB27CFC74482</HistoryItem>
                    <HistoryItem Type="BinderItems" ViewMode="Scrivenings" ScriveningsSelection="0,0">C63B82F3-A5A4-434B-B980-B35638063314</HistoryItem>
                    <HistoryItem Type="BinderItems" ViewMode="Single">B1C2539F-161E-4BFA-BAB0-F0852C43338A</HistoryItem>
                    <HistoryItem Type="BinderItems" ViewMode="Single">0CD37C9C-B62F-44D6-9290-BE255E64CBCC</HistoryItem>
                    <HistoryItem Type="BinderItems" ViewMode="Single">0FEBFFB9-BE9B-405B-A67E-41D0B40C345A</HistoryItem>
                    <HistoryItem Type="BinderItems" ViewMode="Single">A6D02C06-BC06-40BB-9B28-D402C89F3D84</HistoryItem>
                    <HistoryItem Type="BinderItems" ViewMode="Single">2A3CE4F8-B8AE-4E24-94A0-DA38CBE20492</HistoryItem>
                    <HistoryItem Type="BinderItems" ViewMode="Single">A6D02C06-BC06-40BB-9B28-D402C89F3D84</HistoryItem>
                    <HistoryItem Type="BinderItems" ViewMode="Single">671E32DD-A9C3-4576-A65A-70B920FCDFD9</HistoryItem>
                    <HistoryItem Type="BinderItems" ViewMode="Single">0771D8C0-9C32-44E0-B995-153D7A26675E</HistoryItem>
                    <HistoryItem Type="BinderItems" ViewMode="Scrivenings">DAEEA030-90C5-4CF3-B823-BA362EA9AFD3</HistoryItem>
                    <HistoryItem Type="BinderItems" ViewMode="Single">0771D8C0-9C32-44E0-B995-153D7A26675E</HistoryItem>
                    <HistoryItem Type="BinderItems" ViewMode="Single">970591F7-5187-42B5-ABD1-3395110CE19E</HistoryItem>
                    <HistoryItem Type="BinderItems" ViewMode="Single">0771D8C0-9C32-44E0-B995-153D7A26675E</HistoryItem>
                    <HistoryItem Type="BinderItems" ViewMode="Single">671E32DD-A9C3-4576-A65A-70B920FCDFD9</HistoryItem>
                    <HistoryItem Type="BinderItems" ViewMode="Single">11709F70-97CB-4CF6-B600-51EE0E1FCD5E</HistoryItem>
                    <HistoryItem Type="BinderItems" ViewMode="Single">0771D8C0-9C32-44E0-B995-153D7A26675E</HistoryItem>
                    <HistoryItem Type="BinderItems" ViewMode="Single">538C111A-6FE6-4B35-9B93-14232AF1572B</HistoryItem>
                    <HistoryItem Type="BinderItems" ViewMode="Single">A77B00CC-4358-4C89-96ED-7C547883D9C8</HistoryItem>
                    <HistoryItem Type="BinderItems" ViewMode="Single">CDBF9C45-8619-4A78-B90A-47CE76E844D3</HistoryItem>
                    <HistoryItem Type="BinderItems" ViewMode="Single">A14DF5BB-79FC-44CE-8E56-85EB37D97781</HistoryItem>
                    <HistoryItem Type="BinderItems" ViewMode="Single">970591F7-5187-42B5-ABD1-3395110CE19E</HistoryItem>
                    <HistoryItem Type="BinderItems" ViewMode="Single">671E32DD-A9C3-4576-A65A-70B920FCDFD9</HistoryItem>
                    <HistoryItem Type="BinderItems" ViewMode="Single">0771D8C0-9C32-44E0-B995-153D7A26675E</HistoryItem>
                    <HistoryItem Type="BinderItems" ViewMode="Single">671E32DD-A9C3-4576-A65A-70B920FCDFD9</HistoryItem>
                    <HistoryItem Type="BinderItems" ViewMode="Single">0771D8C0-9C32-44E0-B995-153D7A26675E</HistoryItem>
                    <HistoryItem Type="BinderItems" ViewMode="Single">671E32DD-A9C3-4576-A65A-70B920FCDFD9</HistoryItem>
                    <HistoryItem Type="BinderItems" ViewMode="Single">CDBF9C45-8619-4A78-B90A-47CE76E844D3</HistoryItem>
                    <HistoryItem Type="BinderItems" ViewMode="Single">A77B00CC-4358-4C89-96ED-7C547883D9C8</HistoryItem>
                    <HistoryItem Type="BinderItems" ViewMode="Single">BC65073D-ED94-401E-A1AB-1A62306E4ACA</HistoryItem>
                    <HistoryItem Type="BinderItems" ViewMode="Single">11709F70-97CB-4CF6-B600-51EE0E1FCD5E</HistoryItem>
                    <HistoryItem Type="BinderItems" ViewMode="Single">671E32DD-A9C3-4576-A65A-70B920FCDFD9</HistoryItem>
                    <HistoryItem Type="BinderItems" ViewMode="Single">0771D8C0-9C32-44E0-B995-153D7A26675E</HistoryItem>
                    <HistoryItem Type="BinderItems" ViewMode="Single">B3017584-77DF-4751-89E1-EA62098C1BDB</HistoryItem>
                    <HistoryItem Type="BinderItems" ViewMode="Single">0FEBFFB9-BE9B-405B-A67E-41D0B40C345A</HistoryItem>
                    <HistoryItem Type="BinderItems" ViewMode="Single">0771D8C0-9C32-44E0-B995-153D7A26675E</HistoryItem>
                    <HistoryItem Type="BinderItems" ViewMode="Single">A71775B2-1366-4180-8923-3810E8FC6611</HistoryItem>
                    <HistoryItem Type="BinderItems" ViewMode="Single">0771D8C0-9C32-44E0-B995-153D7A26675E</HistoryItem>
                    <HistoryItem Type="BinderItems" ViewMode="Scrivenings" ScriveningsSelection="0,0">8B014782-1E52-4F6D-B15C-CA5FB440B23B</HistoryItem>
                    <HistoryItem Type="BinderItems" ViewMode="Single">0771D8C0-9C32-44E0-B995-153D7A26675E</HistoryItem>
                    <HistoryItem Type="BinderItems" ViewMode="Scrivenings" ScriveningsSelection="356,0">9D32A05A-EAD8-47BC-B2CD-1E7C5DF4EFD5</HistoryItem>
                    <HistoryItem Type="BinderItems" ViewMode="Single">E8956215-97C1-41DA-8AB9-50C2891EA656</HistoryItem>
                    <HistoryItem Type="BinderItems" ViewMode="Single">AD107F76-1964-416F-8DD0-01B59C5A3060</HistoryItem>
                    <HistoryItem Type="BinderItems" ViewMode="Single">6E166A5C-F0A7-4B33-9751-BD511DBF6F55</HistoryItem>
                    <HistoryItem Type="BinderItems" ViewMode="Scrivenings" ScriveningsSelection="0,0">9D32A05A-EAD8-47BC-B2CD-1E7C5DF4EFD5</HistoryItem>
                    <HistoryItem Type="BinderItems" ViewMode="Single">ABD194A7-0E88-4F19-B4D6-09A367CAEFBC</HistoryItem>
                    <HistoryItem Type="BinderItems" ViewMode="Single">874FC928-F6CD-4B4B-A8C9-5400A210E27C</HistoryItem>
                    <HistoryItem Type="BinderItems" ViewMode="Scrivenings" ScriveningsSelection="0,0">C7DE6C79-67F9-4873-BD08-376A867C1B6E</HistoryItem>
                    <HistoryItem Type="BinderItems" ViewMode="Single">E6204736-36FA-48B6-A26B-865057BCFEB5</HistoryItem>
                    <HistoryItem Type="BinderItems" ViewMode="Single">6777C5FF-BCD4-43E1-9A65-8AB83586DDD7</HistoryItem>
                    <HistoryItem Type="BinderItems" ViewMode="Single">DAE0B6CC-07A9-46F2-ACED-44F8DD10D299</HistoryItem>
                    <HistoryItem Type="BinderItems" ViewMode="Scrivenings">9D32A05A-EAD8-47BC-B2CD-1E7C5DF4EFD5</HistoryItem>
                </NavigationHistory>
            </View>
            <Text>
                <ShowRuler>No</ShowRuler>
                <PageLayout Facing="No">No</PageLayout>
                <TypewriterScrolling>No</TypewriterScrolling>
                <LineNumbers Interval="5">No</LineNumbers>
                <Selection>0,0</Selection>
            </Text>
            <Outliner>
                <Columns>
                    <ColID>title</ColID>
                    <ColID>label</ColID>
                    <ColID>status</ColID>
                    <ColID>sectionType</ColID>
                    <ColID>words</ColID>
                    <ColID>characters</ColID>
                    <ColID>totalWords</ColID>
                </Columns>
                <ExpandedItems>
                    <ItemID>A14DF5BB-79FC-44CE-8E56-85EB37D97781</ItemID>
                    <ItemID>970591F7-5187-42B5-ABD1-3395110CE19E</ItemID>
                </ExpandedItems>
                <TitlesOnly>No</TitlesOnly>
                <HideIcons>No</HideIcons>
                <ShowNumbers>No</ShowNumbers>
                <KeywordsAsChips>Yes</KeywordsAsChips>
                <FixedRowHeights>No</FixedRowHeights>
            </Outliner>
            <Corkboard>
                <CardsAcross>-1</CardsAcross>
                <KeywordChips>5</KeywordChips>
                <SizeCardsToFit>Yes</SizeCardsToFit>
                <CardHeightRatio>0.6666</CardHeightRatio>
                <SectionsArrangement>Wrap</SectionsArrangement>
                <LabelThreadsUseColumns>No</LabelThreadsUseColumns>
            </Corkboard>
            <Copyholder PreferredOrientation="Vertical" VerticalPos="Right" HorizontalPos="Bottom">
                <Text>
                    <ShowRuler>No</ShowRuler>
                    <PageLayout Facing="No">No</PageLayout>
                    <TypewriterScrolling>No</TypewriterScrolling>
                    <LineNumbers Interval="1">No</LineNumbers>
                </Text>
            </Copyholder>
        </Editor1>
        <Editor2>
            <View>
                <ShowHeader>Yes</ShowHeader>
                <ShowFooter>Yes</ShowFooter>
                <GroupsViewMode>Corkboard</GroupsViewMode>
                <CurrentViewMode>Single</CurrentViewMode>
                <SelectionAffects>None</SelectionAffects>
                <NavigationHistory CurrentIndex="-1"/>
            </View>
            <Text>
                <ShowRuler>No</ShowRuler>
                <PageLayout Facing="No">No</PageLayout>
                <TypewriterScrolling>No</TypewriterScrolling>
                <LineNumbers Interval="1">No</LineNumbers>
                <Selection>0,0</Selection>
            </Text>
            <Outliner>
                <Columns>
                    <ColID>title</ColID>
                    <ColID>label</ColID>
                    <ColID>status</ColID>
                    <ColID>sectionType</ColID>
                </Columns>
                <TitlesOnly>No</TitlesOnly>
                <HideIcons>No</HideIcons>
                <ShowNumbers>No</ShowNumbers>
                <KeywordsAsChips>Yes</KeywordsAsChips>
                <FixedRowHeights>No</FixedRowHeights>
            </Outliner>
            <Corkboard>
                <CardsAcross>-1</CardsAcross>
                <KeywordChips>5</KeywordChips>
                <SizeCardsToFit>Yes</SizeCardsToFit>
                <CardHeightRatio>0.6666</CardHeightRatio>
                <SectionsArrangement>Wrap</SectionsArrangement>
                <LabelThreadsUseColumns>No</LabelThreadsUseColumns>
            </Corkboard>
            <Copyholder PreferredOrientation="Vertical" VerticalPos="Right" HorizontalPos="Bottom">
                <Text>
                    <ShowRuler>No</ShowRuler>
                    <PageLayout Facing="No">No</PageLayout>
                    <TypewriterScrolling>No</TypewriterScrolling>
                    <LineNumbers Interval="1">No</LineNumbers>
                </Text>
            </Copyholder>
        </Editor2>
    </Editors>
</UIStates>