<?xml version="1.0" encoding="UTF-8"?>
<CompileSettings>
    <ProjectSettings>
        <Content Scope="Included">
            <Filter State="Off" Exclude="No" Type="Label">
                <CollectionID>32A284BF-2B61-43CB-A421-DE8B0413900F</CollectionID>
                <Label>-1</Label>
                <Status>-1</Status>
            </Filter>
        </Content>
        <Options>
            <RemoveComments>Yes</RemoveComments>
            <RemoveAnnotations>Yes</RemoveAnnotations>
            <ResampleImages DPI="72">No</ResampleImages>
            <ConvertTablesAndListToMMD>Yes</ConvertTablesAndListToMMD>
            <ConvertLinksToMMD>Yes</ConvertLinksToMMD>
            <PDF>
                <Cover Source="FrontMatter" Bleed="9.0" BleedUnits="pt"/>
                <Compression Enabled="No">
                    <ImageResolutionCompressionType>None</ImageResolutionCompressionType>
                    <ImageResolution>300</ImageResolution>
                </Compression>
            </PDF>
            <Scriptwriting>
                <IncludeTitles>Yes</IncludeTitles>
                <IncludeSynopses>Yes</IncludeSynopses>
                <CommentsAsScriptNotes>Yes</CommentsAsScriptNotes>
            </Scriptwriting>
            <Ebook>
                <StartAfterFrontMatter>Yes</StartAfterFrontMatter>
                <Cover>
                    <ImageDocument Source="FrontMatter"/>
                    <Title>Cover</Title>
                    <SVG Width="600" Height="800"><![CDATA[]]></SVG>
                </Cover>
                <TOC PandocDepth="3">
                    <HTML Generate="Yes">
                        <Title>Contents</Title>
                    </HTML>
                </TOC>
            </Ebook>
        </Options>
        <MetaData>
            <ProjectTitle>Typst &amp; Prince PDF</ProjectTitle>
            <EbookLanguage>en</EbookLanguage>
            <FountainTitlePageMetaData>
                <Value Key="Title"><![CDATA[<$projecttitle>]]></Value>
                <Value Key="Author"><![CDATA[<$author>]]></Value>
            </FountainTitlePageMetaData>
        </MetaData>
    </ProjectSettings>
    <CurrentFileType>mmd</CurrentFileType>
    <FormatSettings>
        <Format ID="32CCF843-2C0C-4E98-B9DD-B59E75B04CFD">
            <SectionLayouts>
                <Type ID="41992595-D296-49F6-82CD-A426C0F1A562">TEXT-WITH-HEADER</Type>
                <Type ID="1E0957FD-BB32-40F3-9E0E-2F38B43D9E0A">AS-IS</Type>
                <Type ID="504628C4-2AF2-4A66-82C8-D7B37449BC7A">CCEE0A7B-ABE3-4CD4-93E3-812A6A89C44E</Type>
                <Type ID="42ABBCBB-47F1-4D73-A893-7B6B8AA8539D">TEXT-WITH-HEADER</Type>
                <Type ID="E6A240C5-9E9D-4043-9B70-1A05A8B050D1">1CEAFC6F-8D9E-4B1E-9943-9CF606B8F818</Type>
                <Type ID="DB4E1E96-6EA3-43DD-95DC-59289ED0653D">DF5A0CD6-E6B2-4B03-9DB4-F9E739D41B0E</Type>
                <Type ID="EED9E4A3-C384-4872-91B9-B84B5B08587A">6F60307B-7348-475E-9281-E95F6F9709C5</Type>
            </SectionLayouts>
            <FrontAndBackMatter>
                <DefaultFrontMatter Add="Yes">704E8DEC-B77A-4BF1-8F49-A5BFA239DFFD</DefaultFrontMatter>
                <DefaultBackMatter Add="Yes">28141E3B-9905-4F84-8620-993986C17D45</DefaultBackMatter>
            </FrontAndBackMatter>
        </Format>
        <Format ID="09842D1C-C436-48D5-82CC-744A1E98FBFC">
            <SectionLayouts>
                <Type ID="41992595-D296-49F6-82CD-A426C0F1A562">TEXT-WITH-HEADER</Type>
                <Type ID="504628C4-2AF2-4A66-82C8-D7B37449BC7A">CCEE0A7B-ABE3-4CD4-93E3-812A6A89C44E</Type>
                <Type ID="42ABBCBB-47F1-4D73-A893-7B6B8AA8539D">TEXT-WITH-HEADER</Type>
                <Type ID="E6A240C5-9E9D-4043-9B70-1A05A8B050D1">1CEAFC6F-8D9E-4B1E-9943-9CF606B8F818</Type>
                <Type ID="1E0957FD-BB32-40F3-9E0E-2F38B43D9E0A">AS-IS</Type>
            </SectionLayouts>
            <FrontAndBackMatter>
                <DefaultFrontMatter Add="Yes">704E8DEC-B77A-4BF1-8F49-A5BFA239DFFD</DefaultFrontMatter>
            </FrontAndBackMatter>
        </Format>
        <Format ID="82D8779C-19A5-4395-A1FF-E1A7372C7807">
            <SectionLayouts>
                <Type ID="41992595-D296-49F6-82CD-A426C0F1A562">TEXT-WITH-HEADER</Type>
                <Type ID="42ABBCBB-47F1-4D73-A893-7B6B8AA8539D">TEXT-WITH-HEADER</Type>
                <Type ID="1E0957FD-BB32-40F3-9E0E-2F38B43D9E0A">AS-IS</Type>
            </SectionLayouts>
            <FrontAndBackMatter>
                <DefaultFrontMatter Add="Yes">704E8DEC-B77A-4BF1-8F49-A5BFA239DFFD</DefaultFrontMatter>
            </FrontAndBackMatter>
        </Format>
        <Format ID="modern-ms">
            <SectionLayouts>
                <Type ID="82210212-72E6-4EEE-89AB-BC45D3E312DD">TEXT-WITH-HEADER</Type>
                <Type ID="42ABBCBB-47F1-4D73-A893-7B6B8AA8539D">TEXT-WITH-HEADER</Type>
                <Type ID="41992595-D296-49F6-82CD-A426C0F1A562">TEXT-SECTION</Type>
                <Type ID="1E0957FD-BB32-40F3-9E0E-2F38B43D9E0A">D1848966-5D15-4080-B5FA-EDC5063123B0</Type>
            </SectionLayouts>
        </Format>
        <Format ID="1D61B208-5DA6-4DE2-906A-27242962DF7F">
            <SectionLayouts>
                <Type ID="41992595-D296-49F6-82CD-A426C0F1A562">778FA2E2-F67D-4803-B183-019F8B45528B</Type>
                <Type ID="1E0957FD-BB32-40F3-9E0E-2F38B43D9E0A">AS-IS</Type>
                <Type ID="504628C4-2AF2-4A66-82C8-D7B37449BC7A">778FA2E2-F67D-4803-B183-019F8B45528B</Type>
                <Type ID="42ABBCBB-47F1-4D73-A893-7B6B8AA8539D">778FA2E2-F67D-4803-B183-019F8B45528B</Type>
                <Type ID="E6A240C5-9E9D-4043-9B70-1A05A8B050D1">AS-IS</Type>
                <Type ID="DB4E1E96-6EA3-43DD-95DC-59289ED0653D">AS-IS</Type>
                <Type ID="EED9E4A3-C384-4872-91B9-B84B5B08587A">778FA2E2-F67D-4803-B183-019F8B45528B</Type>
            </SectionLayouts>
        </Format>
        <Format ID="outline-document">
            <SectionLayouts>
                <Type ID="82210212-72E6-4EEE-89AB-BC45D3E312DD">11A9BC07-517E-4989-9837-4C5BA9C5E1BE</Type>
                <Type ID="42ABBCBB-47F1-4D73-A893-7B6B8AA8539D">11A9BC07-517E-4989-9837-4C5BA9C5E1BE</Type>
                <Type ID="41992595-D296-49F6-82CD-A426C0F1A562">11A9BC07-517E-4989-9837-4C5BA9C5E1BE</Type>
                <Type ID="1E0957FD-BB32-40F3-9E0E-2F38B43D9E0A">11A9BC07-517E-4989-9837-4C5BA9C5E1BE</Type>
            </SectionLayouts>
        </Format>
        <Format ID="6665EC95-BDD2-4B25-8369-DA862D8E57FB">
            <SectionLayouts>
                <Type ID="41992595-D296-49F6-82CD-A426C0F1A562">TEXT-WITH-HEADER</Type>
                <Type ID="DB4E1E96-6EA3-43DD-95DC-59289ED0653D">DF5A0CD6-E6B2-4B03-9DB4-F9E739D41B0E</Type>
                <Type ID="504628C4-2AF2-4A66-82C8-D7B37449BC7A">CCEE0A7B-ABE3-4CD4-93E3-812A6A89C44E</Type>
                <Type ID="42ABBCBB-47F1-4D73-A893-7B6B8AA8539D">TEXT-WITH-HEADER</Type>
                <Type ID="E6A240C5-9E9D-4043-9B70-1A05A8B050D1">1CEAFC6F-8D9E-4B1E-9943-9CF606B8F818</Type>
                <Type ID="1E0957FD-BB32-40F3-9E0E-2F38B43D9E0A">AS-IS</Type>
            </SectionLayouts>
            <FrontAndBackMatter>
                <DefaultFrontMatter Add="Yes">704E8DEC-B77A-4BF1-8F49-A5BFA239DFFD</DefaultFrontMatter>
            </FrontAndBackMatter>
        </Format>
        <Format ID="4E77C6C5-0711-495A-92D9-176D7ED8412E">
            <SectionLayouts>
                <Type ID="41992595-D296-49F6-82CD-A426C0F1A562">TEXT-WITH-HEADER</Type>
                <Type ID="504628C4-2AF2-4A66-82C8-D7B37449BC7A">CCEE0A7B-ABE3-4CD4-93E3-812A6A89C44E</Type>
                <Type ID="42ABBCBB-47F1-4D73-A893-7B6B8AA8539D">TEXT-WITH-HEADER</Type>
                <Type ID="E6A240C5-9E9D-4043-9B70-1A05A8B050D1">1CEAFC6F-8D9E-4B1E-9943-9CF606B8F818</Type>
                <Type ID="1E0957FD-BB32-40F3-9E0E-2F38B43D9E0A">AS-IS</Type>
            </SectionLayouts>
            <FrontAndBackMatter>
                <DefaultFrontMatter Add="Yes">704E8DEC-B77A-4BF1-8F49-A5BFA239DFFD</DefaultFrontMatter>
            </FrontAndBackMatter>
        </Format>
        <Format ID="e-book">
            <SectionLayouts>
                <Type ID="82210212-72E6-4EEE-89AB-BC45D3E312DD">94D99BA2-5214-4925-8B91-FB77710867AE</Type>
                <Type ID="42ABBCBB-47F1-4D73-A893-7B6B8AA8539D">94D99BA2-5214-4925-8B91-FB77710867AE</Type>
                <Type ID="41992595-D296-49F6-82CD-A426C0F1A562">TEXT-SECTION</Type>
                <Type ID="1E0957FD-BB32-40F3-9E0E-2F38B43D9E0A">D1848966-5D15-4080-B5FA-EDC5063123B0</Type>
            </SectionLayouts>
        </Format>
        <Format ID="DEFAULT">
            <SectionLayouts>
                <Type ID="42ABBCBB-47F1-4D73-A893-7B6B8AA8539D">AS-IS</Type>
                <Type ID="41992595-D296-49F6-82CD-A426C0F1A562">TEXT-SECTION</Type>
                <Type ID="1E0957FD-BB32-40F3-9E0E-2F38B43D9E0A">AS-IS</Type>
            </SectionLayouts>
        </Format>
        <Format ID="4518D94D-1E46-464E-8A18-1495F2359711">
            <SectionLayouts>
                <Type ID="42ABBCBB-47F1-4D73-A893-7B6B8AA8539D">AS-IS</Type>
                <Type ID="41992595-D296-49F6-82CD-A426C0F1A562">778FA2E2-F67D-4803-B183-019F8B45528B</Type>
                <Type ID="1E0957FD-BB32-40F3-9E0E-2F38B43D9E0A">AS-IS</Type>
            </SectionLayouts>
        </Format>
        <Format ID="E9CEF81A-078D-48E1-B556-67DD181A29A9">
            <SectionLayouts>
                <Type ID="41992595-D296-49F6-82CD-A426C0F1A562">TEXT-WITH-HEADER</Type>
                <Type ID="DB4E1E96-6EA3-43DD-95DC-59289ED0653D">DF5A0CD6-E6B2-4B03-9DB4-F9E739D41B0E</Type>
                <Type ID="504628C4-2AF2-4A66-82C8-D7B37449BC7A">CCEE0A7B-ABE3-4CD4-93E3-812A6A89C44E</Type>
                <Type ID="42ABBCBB-47F1-4D73-A893-7B6B8AA8539D">TEXT-WITH-HEADER</Type>
                <Type ID="E6A240C5-9E9D-4043-9B70-1A05A8B050D1">1CEAFC6F-8D9E-4B1E-9943-9CF606B8F818</Type>
                <Type ID="1E0957FD-BB32-40F3-9E0E-2F38B43D9E0A">AS-IS</Type>
            </SectionLayouts>
            <FrontAndBackMatter>
                <DefaultFrontMatter Add="Yes">704E8DEC-B77A-4BF1-8F49-A5BFA239DFFD</DefaultFrontMatter>
            </FrontAndBackMatter>
        </Format>
        <Format ID="DB234345-563A-4408-8F42-80726C136086">
            <SectionLayouts>
                <Type ID="82210212-72E6-4EEE-89AB-BC45D3E312DD">940E81A1-E9F3-456F-AA4E-2BA19D7F8860</Type>
                <Type ID="42ABBCBB-47F1-4D73-A893-7B6B8AA8539D">940E81A1-E9F3-456F-AA4E-2BA19D7F8860</Type>
                <Type ID="41992595-D296-49F6-82CD-A426C0F1A562">4FD652D2-9B65-4DBE-A634-1B2ED042C2B4</Type>
                <Type ID="1E0957FD-BB32-40F3-9E0E-2F38B43D9E0A">AS-IS</Type>
            </SectionLayouts>
        </Format>
        <Format ID="4DD05B07-A726-4121-810C-D6910F1FFAA5">
            <SectionLayouts>
                <Type ID="41992595-D296-49F6-82CD-A426C0F1A562">TEXT-WITH-HEADER</Type>
                <Type ID="1E0957FD-BB32-40F3-9E0E-2F38B43D9E0A">AS-IS</Type>
                <Type ID="504628C4-2AF2-4A66-82C8-D7B37449BC7A">TEXT-WITH-HEADER</Type>
                <Type ID="42ABBCBB-47F1-4D73-A893-7B6B8AA8539D">9F0ACBB1-F187-47A6-A528-6FE2C6B1561A</Type>
                <Type ID="E6A240C5-9E9D-4043-9B70-1A05A8B050D1">AS-IS</Type>
                <Type ID="DB4E1E96-6EA3-43DD-95DC-59289ED0653D">TEXT-SECTION</Type>
                <Type ID="EED9E4A3-C384-4872-91B9-B84B5B08587A">8A670075-3E34-4C0E-89DC-A13B6CD40A78</Type>
            </SectionLayouts>
            <FrontAndBackMatter>
                <DefaultFrontMatter Add="Yes">C300EEF1-61C4-4B83-B8EE-248574A3329A</DefaultFrontMatter>
            </FrontAndBackMatter>
        </Format>
        <Format ID="A05EF4C4-9CAC-40BE-841F-6022388AF0C4">
            <SectionLayouts>
                <Type ID="41992595-D296-49F6-82CD-A426C0F1A562">TEXT-WITH-HEADER</Type>
                <Type ID="1E0957FD-BB32-40F3-9E0E-2F38B43D9E0A">AS-IS</Type>
                <Type ID="504628C4-2AF2-4A66-82C8-D7B37449BC7A">CCEE0A7B-ABE3-4CD4-93E3-812A6A89C44E</Type>
                <Type ID="42ABBCBB-47F1-4D73-A893-7B6B8AA8539D">TEXT-WITH-HEADER</Type>
                <Type ID="E6A240C5-9E9D-4043-9B70-1A05A8B050D1">1CEAFC6F-8D9E-4B1E-9943-9CF606B8F818</Type>
                <Type ID="DB4E1E96-6EA3-43DD-95DC-59289ED0653D">DF5A0CD6-E6B2-4B03-9DB4-F9E739D41B0E</Type>
                <Type ID="EED9E4A3-C384-4872-91B9-B84B5B08587A">6F60307B-7348-475E-9281-E95F6F9709C5</Type>
            </SectionLayouts>
            <FrontAndBackMatter>
                <DefaultFrontMatter Add="Yes">704E8DEC-B77A-4BF1-8F49-A5BFA239DFFD</DefaultFrontMatter>
            </FrontAndBackMatter>
        </Format>
        <Format ID="2E463A4F-2A8C-4842-B4FA-799F7DA8A126">
            <SectionLayouts>
                <Type ID="41992595-D296-49F6-82CD-A426C0F1A562">TEXT-WITH-HEADER</Type>
                <Type ID="504628C4-2AF2-4A66-82C8-D7B37449BC7A">CCEE0A7B-ABE3-4CD4-93E3-812A6A89C44E</Type>
                <Type ID="42ABBCBB-47F1-4D73-A893-7B6B8AA8539D">TEXT-WITH-HEADER</Type>
                <Type ID="E6A240C5-9E9D-4043-9B70-1A05A8B050D1">1CEAFC6F-8D9E-4B1E-9943-9CF606B8F818</Type>
                <Type ID="1E0957FD-BB32-40F3-9E0E-2F38B43D9E0A">AS-IS</Type>
            </SectionLayouts>
            <FrontAndBackMatter>
                <DefaultFrontMatter Add="Yes">704E8DEC-B77A-4BF1-8F49-A5BFA239DFFD</DefaultFrontMatter>
            </FrontAndBackMatter>
        </Format>
        <Format ID="e-book-legacy">
            <SectionLayouts>
                <Type ID="82210212-72E6-4EEE-89AB-BC45D3E312DD">A7B609FE-0C0D-4CA5-A022-AF6F45F421C7</Type>
                <Type ID="42ABBCBB-47F1-4D73-A893-7B6B8AA8539D">A7B609FE-0C0D-4CA5-A022-AF6F45F421C7</Type>
                <Type ID="41992595-D296-49F6-82CD-A426C0F1A562">TEXT-SECTION</Type>
                <Type ID="1E0957FD-BB32-40F3-9E0E-2F38B43D9E0A">D1848966-5D15-4080-B5FA-EDC5063123B0</Type>
            </SectionLayouts>
        </Format>
        <Format ID="E9AC8C1F-41A0-49C4-96E1-D50CAD4908F5">
            <SectionLayouts>
                <Type ID="41992595-D296-49F6-82CD-A426C0F1A562">TEXT-WITH-HEADER</Type>
                <Type ID="504628C4-2AF2-4A66-82C8-D7B37449BC7A">CCEE0A7B-ABE3-4CD4-93E3-812A6A89C44E</Type>
                <Type ID="42ABBCBB-47F1-4D73-A893-7B6B8AA8539D">TEXT-WITH-HEADER</Type>
                <Type ID="E6A240C5-9E9D-4043-9B70-1A05A8B050D1">1CEAFC6F-8D9E-4B1E-9943-9CF606B8F818</Type>
                <Type ID="1E0957FD-BB32-40F3-9E0E-2F38B43D9E0A">AS-IS</Type>
            </SectionLayouts>
            <FrontAndBackMatter>
                <DefaultFrontMatter Add="Yes">704E8DEC-B77A-4BF1-8F49-A5BFA239DFFD</DefaultFrontMatter>
            </FrontAndBackMatter>
        </Format>
    </FormatSettings>
    <LastUsedFormats>
        <Print>DEFAULT</Print>
        <mobi>e-book-legacy</mobi>
        <rtf>modern-ms</rtf>
        <epub3>e-book</epub3>
        <txt>4DD05B07-A726-4121-810C-D6910F1FFAA5</txt>
        <html>DEFAULT</html>
        <mmd>32CCF843-2C0C-4E98-B9DD-B59E75B04CFD</mmd>
    </LastUsedFormats>
</CompileSettings>