<?xml version="1.0" encoding="UTF-8"?>
<ProjectPreferences Version="1.0">
    <UseProjectPreferences>Yes</UseProjectPreferences>
    <TextFormatRTFData><![CDATA[{\rtf1\ansi\ansicpg1252\cocoartf2761
\cocoatextscaling0\cocoaplatform0{\fonttbl\f0\fnil\fcharset0 AvenirNext-Regular;}
{\colortbl;\red255\green255\blue255;}
{\*\expandedcolortbl;;}
\deftab720
\pard\tx560\tx1140\tx1680\tx2260\pardeftab720\sl312\slmult1\pardirnatural\partightenfactor0

\f0\fs24 \cf0 Attributes}]]></TextFormatRTFData>
    <UseCustomFootnotesFont>No</UseCustomFootnotesFont>
    <FootnotesFont Size="10.0">TimesNewRomanPSMT</FootnotesFont>
    <FootnoteMarker UseMarker="No">*</FootnoteMarker>
</ProjectPreferences>