<?xml version="1.0" encoding="UTF-8"?>
<UIStates>
    <Binder Show="Yes">
        <ShowCollections>No</ShowCollections>
        <SelectedCollection>0</SelectedCollection>
        <SubdocumentCounts>No</SubdocumentCounts>
        <ExpandedItems>
            <ItemID>2CE6F92E-3E8D-4A56-9CF2-BE4B488DB2BE</ItemID>
            <ItemID>1DEF9EFC-0105-428B-BBA6-07ACADB453B0</ItemID>
            <ItemID>6076EDE5-2DA7-45A5-B5E7-AD443F1189A3</ItemID>
            <ItemID>676539C0-EFD8-410B-88FA-122E6E31F92D</ItemID>
            <ItemID>2EB9F96D-F2C7-4727-B82B-61E5ACBDDB34</ItemID>
            <ItemID>90EF77D6-A967-4912-89F2-91E48EB9FCAB</ItemID>
            <ItemID>41A5AB64-EF5C-4313-83D2-F598FB0E6563</ItemID>
        </ExpandedItems>
        <Selection>
            <ItemID>4D4E3E65-82F8-4BB2-AFF6-72650D3256A0</ItemID>
        </Selection>
        <SearchResultsSort Titles="Ascending" Dates="Ascending">None</SearchResultsSort>
    </Binder>
    <Inspector Show="Yes" View="MetaData">
        <ShowProjectBookmarks>No</ShowProjectBookmarks>
        <ShowSimilarTexts>No</ShowSimilarTexts>
        <FootnoteNumbers Prompt="No">No</FootnoteNumbers>
    </Inspector>
    <Split>None</Split>
    <BinderAffects>Current</BinderAffects>
    <Labels>
        <Binder FullWidth="No">No</Binder>
        <Icons>No</Icons>
        <IndexCards>No</IndexCards>
        <OutlinerRows>No</OutlinerRows>
        <ScriveningsTitles>No</ScriveningsTitles>
    </Labels>
    <Corkboards>
        <LabelIndicators>Yes</LabelIndicators>
        <Stamps>No</Stamps>
        <Keywords>No</Keywords>
        <Numbers Restart="No">No</Numbers>
        <SnapToGrid>No</SnapToGrid>
        <BlankCardsAsGhosts>No</BlankCardsAsGhosts>
    </Corkboards>
    <Text>
        <ShowFormatBar>Yes</ShowFormatBar>
        <UseVerticalLayout>No</UseVerticalLayout>
        <ShowScriveningsTitles>Yes</ShowScriveningsTitles>
        <ShowInvisibles>No</ShowInvisibles>
        <RevisionMode>0</RevisionMode>
        <TextChecking>
            <Spelling>No</Spelling>
            <Grammar>No</Grammar>
            <SmartQuotes>No</SmartQuotes>
            <SmartDashes>No</SmartDashes>
        </TextChecking>
    </Text>
    <FullScreen>
        <ShowRuler>No</ShowRuler>
        <PageLayout Facing="Yes">No</PageLayout>
        <TypewriterScrolling>Yes</TypewriterScrolling>
    </FullScreen>
    <Editors Primary="Editor1">
        <Editor1>
            <View>
                <ShowHeader>Yes</ShowHeader>
                <ShowFooter>Yes</ShowFooter>
                <GroupsViewMode>Scrivenings</GroupsViewMode>
                <CurrentViewMode>Single</CurrentViewMode>
                <SelectionAffects>None</SelectionAffects>
                <Content>
                    <ItemID>4D4E3E65-82F8-4BB2-AFF6-72650D3256A0</ItemID>
                </Content>
                <NavigationHistory CurrentIndex="99">
                    <HistoryItem Type="BinderItems" ViewMode="Single">C300EEF1-61C4-4B83-B8EE-248574A3329A</HistoryItem>
                    <HistoryItem Type="BinderItems" ViewMode="Single">704E8DEC-B77A-4BF1-8F49-A5BFA239DFFD</HistoryItem>
                    <HistoryItem Type="BinderItems" ViewMode="Single">C300EEF1-61C4-4B83-B8EE-248574A3329A</HistoryItem>
                    <HistoryItem Type="BinderItems" ViewMode="Single">704E8DEC-B77A-4BF1-8F49-A5BFA239DFFD</HistoryItem>
                    <HistoryItem Type="BinderItems" ViewMode="Single">44837F40-764D-4CD9-8BE7-B98367457A47</HistoryItem>
                    <HistoryItem Type="BinderItems" ViewMode="Scrivenings" ScriveningsSelection="0,0">1DEF9EFC-0105-428B-BBA6-07ACADB453B0</HistoryItem>
                    <HistoryItem Type="BinderItems" ViewMode="Scrivenings" ScriveningsSelection="0,0">2CE6F92E-3E8D-4A56-9CF2-BE4B488DB2BE</HistoryItem>
                    <HistoryItem Type="BinderItems" ViewMode="Single">4D4E3E65-82F8-4BB2-AFF6-72650D3256A0</HistoryItem>
                    <HistoryItem Type="BinderItems" ViewMode="Single">C300EEF1-61C4-4B83-B8EE-248574A3329A</HistoryItem>
                    <HistoryItem Type="BinderItems" ViewMode="Scrivenings" ScriveningsSelection="0,0">2CE6F92E-3E8D-4A56-9CF2-BE4B488DB2BE</HistoryItem>
                    <HistoryItem Type="BinderItems" ViewMode="Single">704E8DEC-B77A-4BF1-8F49-A5BFA239DFFD</HistoryItem>
                    <HistoryItem Type="BinderItems" ViewMode="Single">4D4E3E65-82F8-4BB2-AFF6-72650D3256A0</HistoryItem>
                    <HistoryItem Type="BinderItems" ViewMode="Scrivenings">90EF77D6-A967-4912-89F2-91E48EB9FCAB</HistoryItem>
                    <HistoryItem Type="BinderItems" ViewMode="Single">4D4E3E65-82F8-4BB2-AFF6-72650D3256A0</HistoryItem>
                    <HistoryItem Type="BinderItems" ViewMode="Scrivenings" ScriveningsSelection="0,0">1DEF9EFC-0105-428B-BBA6-07ACADB453B0</HistoryItem>
                    <HistoryItem Type="BinderItems" ViewMode="Single">704E8DEC-B77A-4BF1-8F49-A5BFA239DFFD</HistoryItem>
                    <HistoryItem Type="BinderItems" ViewMode="Single">4D4E3E65-82F8-4BB2-AFF6-72650D3256A0</HistoryItem>
                    <HistoryItem Type="BinderItems" ViewMode="Single">44837F40-764D-4CD9-8BE7-B98367457A47</HistoryItem>
                    <HistoryItem Type="BinderItems" ViewMode="Scrivenings" ScriveningsSelection="0,0">1DEF9EFC-0105-428B-BBA6-07ACADB453B0</HistoryItem>
                    <HistoryItem Type="BinderItems" ViewMode="Single">704E8DEC-B77A-4BF1-8F49-A5BFA239DFFD</HistoryItem>
                    <HistoryItem Type="BinderItems" ViewMode="Single">C300EEF1-61C4-4B83-B8EE-248574A3329A</HistoryItem>
                    <HistoryItem Type="BinderItems" ViewMode="Single">4D4E3E65-82F8-4BB2-AFF6-72650D3256A0</HistoryItem>
                    <HistoryItem Type="BinderItems" ViewMode="Scrivenings" ScriveningsSelection="0,0">2CE6F92E-3E8D-4A56-9CF2-BE4B488DB2BE</HistoryItem>
                    <HistoryItem Type="BinderItems" ViewMode="Single">C300EEF1-61C4-4B83-B8EE-248574A3329A</HistoryItem>
                    <HistoryItem Type="BinderItems" ViewMode="Scrivenings" ScriveningsSelection="0,0">2EB9F96D-F2C7-4727-B82B-61E5ACBDDB34</HistoryItem>
                    <HistoryItem Type="BinderItems" ViewMode="Single">28141E3B-9905-4F84-8620-993986C17D45</HistoryItem>
                    <HistoryItem Type="BinderItems" ViewMode="Single">44837F40-764D-4CD9-8BE7-B98367457A47</HistoryItem>
                    <HistoryItem Type="BinderItems" ViewMode="Single">28141E3B-9905-4F84-8620-993986C17D45</HistoryItem>
                    <HistoryItem Type="BinderItems" ViewMode="Single">2B332715-D1FD-4A67-A84C-76316E32CF22</HistoryItem>
                    <HistoryItem Type="BinderItems" ViewMode="Single">44837F40-764D-4CD9-8BE7-B98367457A47</HistoryItem>
                    <HistoryItem Type="BinderItems" ViewMode="Single">28141E3B-9905-4F84-8620-993986C17D45</HistoryItem>
                    <HistoryItem Type="BinderItems" ViewMode="Single">704E8DEC-B77A-4BF1-8F49-A5BFA239DFFD</HistoryItem>
                    <HistoryItem Type="BinderItems" ViewMode="Single">C300EEF1-61C4-4B83-B8EE-248574A3329A</HistoryItem>
                    <HistoryItem Type="BinderItems" ViewMode="Single">704E8DEC-B77A-4BF1-8F49-A5BFA239DFFD</HistoryItem>
                    <HistoryItem Type="BinderItems" ViewMode="Single">C300EEF1-61C4-4B83-B8EE-248574A3329A</HistoryItem>
                    <HistoryItem Type="BinderItems" ViewMode="Single">704E8DEC-B77A-4BF1-8F49-A5BFA239DFFD</HistoryItem>
                    <HistoryItem Type="BinderItems" ViewMode="Single">44837F40-764D-4CD9-8BE7-B98367457A47</HistoryItem>
                    <HistoryItem Type="BinderItems" ViewMode="Single">2B332715-D1FD-4A67-A84C-76316E32CF22</HistoryItem>
                    <HistoryItem Type="BinderItems" ViewMode="Single">B885E615-6AC1-488C-8215-E549176E754B</HistoryItem>
                    <HistoryItem Type="BinderItems" ViewMode="Scrivenings" ScriveningsSelection="0,0">6076EDE5-2DA7-45A5-B5E7-AD443F1189A3</HistoryItem>
                    <HistoryItem Type="BinderItems" ViewMode="Single">F47533D2-4475-4850-B838-E4D8B123A75C</HistoryItem>
                    <HistoryItem Type="BinderItems" ViewMode="Scrivenings" ScriveningsSelection="0,0">676539C0-EFD8-410B-88FA-122E6E31F92D</HistoryItem>
                    <HistoryItem Type="BinderItems" ViewMode="Scrivenings" ScriveningsSelection="0,0">2EB9F96D-F2C7-4727-B82B-61E5ACBDDB34</HistoryItem>
                    <HistoryItem Type="BinderItems" ViewMode="Scrivenings" ScriveningsSelection="0,0">676539C0-EFD8-410B-88FA-122E6E31F92D</HistoryItem>
                    <HistoryItem Type="BinderItems" ViewMode="Single">28141E3B-9905-4F84-8620-993986C17D45</HistoryItem>
                    <HistoryItem Type="BinderItems" ViewMode="Scrivenings" ScriveningsSelection="0,0">6076EDE5-2DA7-45A5-B5E7-AD443F1189A3</HistoryItem>
                    <HistoryItem Type="BinderItems" ViewMode="Single">2B9F1F62-2951-4DF6-8911-62808886A20F</HistoryItem>
                    <HistoryItem Type="BinderItems" ViewMode="Single">73CC2BF8-4F1A-4A6A-B4DE-E78257EB3FBE</HistoryItem>
                    <HistoryItem Type="BinderItems" ViewMode="Single">2B9F1F62-2951-4DF6-8911-62808886A20F</HistoryItem>
                    <HistoryItem Type="BinderItems" ViewMode="Single">F47533D2-4475-4850-B838-E4D8B123A75C</HistoryItem>
                    <HistoryItem Type="BinderItems" ViewMode="Scrivenings" ScriveningsSelection="0,0">1DEF9EFC-0105-428B-BBA6-07ACADB453B0</HistoryItem>
                    <HistoryItem Type="BinderItems" ViewMode="Scrivenings" ScriveningsSelection="0,0">2CE6F92E-3E8D-4A56-9CF2-BE4B488DB2BE</HistoryItem>
                    <HistoryItem Type="BinderItems" ViewMode="Single">28141E3B-9905-4F84-8620-993986C17D45</HistoryItem>
                    <HistoryItem Type="BinderItems" ViewMode="Scrivenings" ScriveningsSelection="0,0">6076EDE5-2DA7-45A5-B5E7-AD443F1189A3</HistoryItem>
                    <HistoryItem Type="BinderItems" ViewMode="Scrivenings" ScriveningsSelection="0,0">1DEF9EFC-0105-428B-BBA6-07ACADB453B0</HistoryItem>
                    <HistoryItem Type="BinderItems" ViewMode="Single">28141E3B-9905-4F84-8620-993986C17D45</HistoryItem>
                    <HistoryItem Type="BinderItems" ViewMode="Single">704E8DEC-B77A-4BF1-8F49-A5BFA239DFFD</HistoryItem>
                    <HistoryItem Type="BinderItems" ViewMode="Scrivenings" ScriveningsSelection="0,0">2CE6F92E-3E8D-4A56-9CF2-BE4B488DB2BE</HistoryItem>
                    <HistoryItem Type="BinderItems" ViewMode="Single">4D4E3E65-82F8-4BB2-AFF6-72650D3256A0</HistoryItem>
                    <HistoryItem Type="BinderItems" ViewMode="Single">C300EEF1-61C4-4B83-B8EE-248574A3329A</HistoryItem>
                    <HistoryItem Type="BinderItems" ViewMode="Single">704E8DEC-B77A-4BF1-8F49-A5BFA239DFFD</HistoryItem>
                    <HistoryItem Type="BinderItems" ViewMode="Single">C300EEF1-61C4-4B83-B8EE-248574A3329A</HistoryItem>
                    <HistoryItem Type="BinderItems" ViewMode="Single">4D4E3E65-82F8-4BB2-AFF6-72650D3256A0</HistoryItem>
                    <HistoryItem Type="BinderItems" ViewMode="Single">C300EEF1-61C4-4B83-B8EE-248574A3329A</HistoryItem>
                    <HistoryItem Type="BinderItems" ViewMode="Single">704E8DEC-B77A-4BF1-8F49-A5BFA239DFFD</HistoryItem>
                    <HistoryItem Type="BinderItems" ViewMode="Single">C300EEF1-61C4-4B83-B8EE-248574A3329A</HistoryItem>
                    <HistoryItem Type="BinderItems" ViewMode="Single">4D4E3E65-82F8-4BB2-AFF6-72650D3256A0</HistoryItem>
                    <HistoryItem Type="BinderItems" ViewMode="Single">28141E3B-9905-4F84-8620-993986C17D45</HistoryItem>
                    <HistoryItem Type="BinderItems" ViewMode="Scrivenings" ScriveningsSelection="0,0">2EB9F96D-F2C7-4727-B82B-61E5ACBDDB34</HistoryItem>
                    <HistoryItem Type="BinderItems" ViewMode="Single">28141E3B-9905-4F84-8620-993986C17D45</HistoryItem>
                    <HistoryItem Type="BinderItems" ViewMode="Scrivenings" ScriveningsSelection="0,0">1DEF9EFC-0105-428B-BBA6-07ACADB453B0</HistoryItem>
                    <HistoryItem Type="BinderItems" ViewMode="Single">44837F40-764D-4CD9-8BE7-B98367457A47</HistoryItem>
                    <HistoryItem Type="BinderItems" ViewMode="Single">704E8DEC-B77A-4BF1-8F49-A5BFA239DFFD</HistoryItem>
                    <HistoryItem Type="BinderItems" ViewMode="Single">44837F40-764D-4CD9-8BE7-B98367457A47</HistoryItem>
                    <HistoryItem Type="BinderItems" ViewMode="Scrivenings" ScriveningsSelection="0,0">2CE6F92E-3E8D-4A56-9CF2-BE4B488DB2BE</HistoryItem>
                    <HistoryItem Type="BinderItems" ViewMode="Single">704E8DEC-B77A-4BF1-8F49-A5BFA239DFFD</HistoryItem>
                    <HistoryItem Type="BinderItems" ViewMode="Single">C300EEF1-61C4-4B83-B8EE-248574A3329A</HistoryItem>
                    <HistoryItem Type="BinderItems" ViewMode="Scrivenings" ScriveningsSelection="0,0">2CE6F92E-3E8D-4A56-9CF2-BE4B488DB2BE</HistoryItem>
                    <HistoryItem Type="BinderItems" ViewMode="Single">28141E3B-9905-4F84-8620-993986C17D45</HistoryItem>
                    <HistoryItem Type="BinderItems" ViewMode="Scrivenings" ScriveningsSelection="0,0">2EB9F96D-F2C7-4727-B82B-61E5ACBDDB34</HistoryItem>
                    <HistoryItem Type="BinderItems" ViewMode="Scrivenings" ScriveningsSelection="0,0">1DEF9EFC-0105-428B-BBA6-07ACADB453B0</HistoryItem>
                    <HistoryItem Type="BinderItems" ViewMode="Single">44837F40-764D-4CD9-8BE7-B98367457A47</HistoryItem>
                    <HistoryItem Type="BinderItems" ViewMode="Scrivenings" ScriveningsSelection="0,0">1DEF9EFC-0105-428B-BBA6-07ACADB453B0</HistoryItem>
                    <HistoryItem Type="BinderItems" ViewMode="Single">44837F40-764D-4CD9-8BE7-B98367457A47</HistoryItem>
                    <HistoryItem Type="BinderItems" ViewMode="Scrivenings" ScriveningsSelection="0,0">2CE6F92E-3E8D-4A56-9CF2-BE4B488DB2BE</HistoryItem>
                    <HistoryItem Type="BinderItems" ViewMode="Single">704E8DEC-B77A-4BF1-8F49-A5BFA239DFFD</HistoryItem>
                    <HistoryItem Type="BinderItems" ViewMode="Single">44837F40-764D-4CD9-8BE7-B98367457A47</HistoryItem>
                    <HistoryItem Type="BinderItems" ViewMode="Scrivenings" ScriveningsSelection="0,0">1DEF9EFC-0105-428B-BBA6-07ACADB453B0</HistoryItem>
                    <HistoryItem Type="BinderItems" ViewMode="Scrivenings" ScriveningsSelection="0,0">6076EDE5-2DA7-45A5-B5E7-AD443F1189A3</HistoryItem>
                    <HistoryItem Type="BinderItems" ViewMode="Single">704E8DEC-B77A-4BF1-8F49-A5BFA239DFFD</HistoryItem>
                    <HistoryItem Type="BinderItems" ViewMode="Single">4D4E3E65-82F8-4BB2-AFF6-72650D3256A0</HistoryItem>
                    <HistoryItem Type="BinderItems" ViewMode="Single">C300EEF1-61C4-4B83-B8EE-248574A3329A</HistoryItem>
                    <HistoryItem Type="BinderItems" ViewMode="Single">704E8DEC-B77A-4BF1-8F49-A5BFA239DFFD</HistoryItem>
                    <HistoryItem Type="BinderItems" ViewMode="Single">4D4E3E65-82F8-4BB2-AFF6-72650D3256A0</HistoryItem>
                    <HistoryItem Type="BinderItems" ViewMode="Scrivenings" ScriveningsSelection="0,0">2EB9F96D-F2C7-4727-B82B-61E5ACBDDB34</HistoryItem>
                    <HistoryItem Type="BinderItems" ViewMode="Single">4D4E3E65-82F8-4BB2-AFF6-72650D3256A0</HistoryItem>
                    <HistoryItem Type="BinderItems" ViewMode="Scrivenings" ScriveningsSelection="0,0">2EB9F96D-F2C7-4727-B82B-61E5ACBDDB34</HistoryItem>
                    <HistoryItem Type="BinderItems" ViewMode="Single">4D4E3E65-82F8-4BB2-AFF6-72650D3256A0</HistoryItem>
                    <HistoryItem Type="BinderItems" ViewMode="Scrivenings" ScriveningsSelection="19955,0">2CE6F92E-3E8D-4A56-9CF2-BE4B488DB2BE</HistoryItem>
                    <HistoryItem Type="BinderItems" ViewMode="Single">4D4E3E65-82F8-4BB2-AFF6-72650D3256A0</HistoryItem>
                </NavigationHistory>
            </View>
            <Text>
                <ShowRuler>Yes</ShowRuler>
                <PageLayout Facing="No">No</PageLayout>
                <TypewriterScrolling>No</TypewriterScrolling>
                <LineNumbers Interval="1">No</LineNumbers>
                <Selection>4469,0</Selection>
            </Text>
            <Outliner>
                <Columns>
                    <ColID>title</ColID>
                    <ColID>sectionType</ColID>
                </Columns>
                <ExpandedItems>
                    <ItemID>1DEF9EFC-0105-428B-BBA6-07ACADB453B0</ItemID>
                    <ItemID>6076EDE5-2DA7-45A5-B5E7-AD443F1189A3</ItemID>
                    <ItemID>676539C0-EFD8-410B-88FA-122E6E31F92D</ItemID>
                </ExpandedItems>
                <TitlesOnly>Yes</TitlesOnly>
                <HideIcons>No</HideIcons>
                <ShowNumbers>No</ShowNumbers>
                <KeywordsAsChips>Yes</KeywordsAsChips>
                <FixedRowHeights>No</FixedRowHeights>
            </Outliner>
            <Corkboard>
                <CardsAcross>-1</CardsAcross>
                <KeywordChips>5</KeywordChips>
                <SizeCardsToFit>Yes</SizeCardsToFit>
                <CardHeightRatio>0.6666</CardHeightRatio>
                <SectionsArrangement>Wrap</SectionsArrangement>
                <LabelThreadsUseColumns>No</LabelThreadsUseColumns>
            </Corkboard>
            <Copyholder PreferredOrientation="Vertical" VerticalPos="Right" HorizontalPos="Bottom">
                <Text>
                    <ShowRuler>No</ShowRuler>
                    <PageLayout Facing="No">No</PageLayout>
                    <TypewriterScrolling>No</TypewriterScrolling>
                    <LineNumbers Interval="1">No</LineNumbers>
                </Text>
            </Copyholder>
        </Editor1>
        <Editor2>
            <View>
                <ShowHeader>Yes</ShowHeader>
                <ShowFooter>Yes</ShowFooter>
                <GroupsViewMode>Scrivenings</GroupsViewMode>
                <CurrentViewMode>Single</CurrentViewMode>
                <SelectionAffects>None</SelectionAffects>
                <NavigationHistory CurrentIndex="1">
                    <HistoryItem Type="BinderItems" ViewMode="Scrivenings" ScriveningsSelection="0,0">2CE6F92E-3E8D-4A56-9CF2-BE4B488DB2BE</HistoryItem>
                    <HistoryItem Type="BinderItems" ViewMode="Single">69DD5E34-E70A-4319-862A-F16555B4B2EB</HistoryItem>
                </NavigationHistory>
            </View>
            <Text>
                <ShowRuler>No</ShowRuler>
                <PageLayout Facing="No">No</PageLayout>
                <TypewriterScrolling>No</TypewriterScrolling>
                <LineNumbers Interval="1">No</LineNumbers>
                <Selection>0,0</Selection>
            </Text>
            <Outliner>
                <Columns>
                    <ColID>title</ColID>
                    <ColID>label</ColID>
                    <ColID>status</ColID>
                    <ColID>sectionType</ColID>
                </Columns>
                <TitlesOnly>No</TitlesOnly>
                <HideIcons>No</HideIcons>
                <ShowNumbers>No</ShowNumbers>
                <KeywordsAsChips>Yes</KeywordsAsChips>
                <FixedRowHeights>No</FixedRowHeights>
            </Outliner>
            <Corkboard>
                <CardsAcross>-1</CardsAcross>
                <KeywordChips>5</KeywordChips>
                <SizeCardsToFit>Yes</SizeCardsToFit>
                <CardHeightRatio>0.6666</CardHeightRatio>
                <SectionsArrangement>Wrap</SectionsArrangement>
                <LabelThreadsUseColumns>No</LabelThreadsUseColumns>
            </Corkboard>
            <Copyholder PreferredOrientation="Vertical" VerticalPos="Right" HorizontalPos="Bottom">
                <Text>
                    <ShowRuler>No</ShowRuler>
                    <PageLayout Facing="No">No</PageLayout>
                    <TypewriterScrolling>No</TypewriterScrolling>
                    <LineNumbers Interval="1">No</LineNumbers>
                </Text>
            </Copyholder>
        </Editor2>
    </Editors>
</UIStates>