<?xml version="1.0" encoding="UTF-8"?>
<Styles>
    <Style Name="Title" ID="1B14CF30-2445-42CB-90AE-B15EC7F11503" Type="Para+Char" FontChange="Size">
        <Format><![CDATA[{\rtf1\ansi\ansicpg1252\cocoartf2758
\cocoatextscaling0\cocoaplatform0{\fonttbl\f0\fnil\fcharset0 GraublauSlab-Regular;}
{\colortbl;\red255\green255\blue255;}
{\*\expandedcolortbl;;}
\pard\tx560\tx1120\tx1680\tx2240\tx2800\tx3360\tx3920\tx4480\tx5040\tx5600\tx6160\tx6720\sl336\slmult1\sb280\pardirnatural\partightenfactor0

\f0\fs56 \cf0 Attributes}]]></Format>
    </Style>
    <Style Name="Heading 1" ID="6A39906C-39F8-4B29-BD55-550C1D4C450E" Type="Para+Char" FontChange="Face+Size" Shortcut="4">
        <Format><![CDATA[{\rtf1\ansi\ansicpg1252\cocoartf2758
\cocoatextscaling0\cocoaplatform0{\fonttbl\f0\fswiss\fcharset0 Helvetica;\f1\fnil\fcharset0 AvenirNext-BoldItalic;}
{\colortbl;\red255\green255\blue255;}
{\*\expandedcolortbl;;}
\pard\tx560\tx1120\tx1680\tx2240\tx2800\tx3360\tx3920\tx4480\tx5040\tx5600\tx6160\tx6720\sl336\slmult1\sb280\pardirnatural\partightenfactor0

\f0\fs24 \cf0 <$Scr_H::1>
\f1\i\b\fs48 Attributes
\f0\i0\b0\fs24 <!$Scr_H::1>}]]></Format>
    </Style>
    <Style Name="Heading 2" ID="43B84087-01D4-49A1-A5D0-A15AA1FB954C" Type="Para+Char" FontChange="Face+Size" Shortcut="5">
        <Format><![CDATA[{\rtf1\ansi\ansicpg1252\cocoartf2758
\cocoatextscaling0\cocoaplatform0{\fonttbl\f0\fswiss\fcharset0 Helvetica;\f1\fnil\fcharset0 AvenirNext-BoldItalic;}
{\colortbl;\red255\green255\blue255;}
{\*\expandedcolortbl;;}
\pard\tx560\tx1120\tx1680\tx2240\tx2800\tx3360\tx3920\tx4480\tx5040\tx5600\tx6160\tx6720\sl336\slmult1\sb280\pardirnatural\partightenfactor0

\f0\fs24 \cf0 <$Scr_H::2>
\f1\i\b\fs36 Attributes
\f0\i0\b0\fs24 <!$Scr_H::2>}]]></Format>
    </Style>
    <Style Name="Block Quote" ID="81F20815-F768-4622-987A-244A894CDD0A" Type="Para" FontChange="Size" Shortcut="2">
        <Format><![CDATA[{\rtf1\ansi\ansicpg1252\cocoartf2758
\cocoatextscaling0\cocoaplatform0{\fonttbl\f0\fnil\fcharset0 GraublauSlab-Regular;}
{\colortbl;\red255\green255\blue255;}
{\*\expandedcolortbl;;}
\pard\tx720\tx1080\tx1440\li720\sl336\slmult1\sb240\sa240\pardirnatural\partightenfactor0

\f0\fs24 \cf0 Attributes}]]></Format>
    </Style>
    <Style Name="Attribution" ID="133D9609-CB9D-472A-BC10-2CB3413EBD22" Type="Para" FontChange="Size" Shortcut="">
        <Format><![CDATA[{\rtf1\ansi\ansicpg1252\cocoartf2758
\cocoatextscaling0\cocoaplatform0{\fonttbl\f0\fnil\fcharset0 GraublauSlab-Regular;}
{\colortbl;\red255\green255\blue255;}
{\*\expandedcolortbl;;}
\pard\tx720\tx1080\tx1440\li720\sl336\slmult1\sa240\pardirnatural\partightenfactor0

\f0\fs24 \cf0 Attributes}]]></Format>
    </Style>
    <Style Name="Code Block" ID="5EC8B691-508F-4758-B58C-C3F920DA4736" Type="Para+Char" FontChange="Face+Size" Box="0.838385 0.929614 0.999637" Next="5EC8B691-508F-4758-B58C-C3F920DA4736">
        <Format><![CDATA[{\rtf1\ansi\ansicpg1252\cocoartf2758
\cocoatextscaling0\cocoaplatform0{\fonttbl\f0\fnil\fcharset0 Menlo-Regular;}
{\colortbl;\red255\green255\blue255;}
{\*\expandedcolortbl;;}
\deftab720
\pard\tx0\tx720\tx1440\tx2160\tx2880\tx3600\tx4320\tx5040\tx5760\tx6480\tx7200\tx7920\tx8640\tx9360\tx10080\tx10800\tx11520\pardeftab720\sl360\slmult1\sb160\sa160\pardirnatural\partightenfactor0

\f0\fs26 \cf0 Attributes}]]></Format>
        <Lists>
            <ListItem>{decimal}.</ListItem>
        </Lists>
    </Style>
    <Style Name="Code Span" ID="5A187075-53A1-4766-A212-51B9B63A7656" Type="Char" FontChange="Face+Size" Box="0.812008 0.907606 0.974447" Next="5EC8B691-508F-4758-B58C-C3F920DA4736" Shortcut="6">
        <Format><![CDATA[{\rtf1\ansi\ansicpg1252\cocoartf2758
\cocoatextscaling0\cocoaplatform0{\fonttbl\f0\fnil\fcharset0 Menlo-Regular;}
{\colortbl;\red255\green255\blue255;}
{\*\expandedcolortbl;;}
\deftab720
\pard\tx220\tx720\tx1440\tx2160\tx2880\tx3600\tx4320\tx5040\tx5760\tx6480\tx7200\tx7920\tx8640\tx9360\tx10080\tx10800\tx11520\pardeftab720\li720\fi-720\sl336\slmult1\pardirnatural\partightenfactor0

\f0\fs26 \cf0 Attributes}]]></Format>
        <Lists>
            <ListItem>{decimal}.</ListItem>
        </Lists>
    </Style>
    <Style Name="Caption" ID="D72F5C4F-769C-4B84-B222-623FCBDFCBB2" Type="Para+Char" FontChange="Face+Size" Box="0.992879 0.945343 0.556099" Shortcut="3">
        <Format><![CDATA[{\rtf1\ansi\ansicpg1252\cocoartf2758
\cocoatextscaling0\cocoaplatform0{\fonttbl\f0\fnil\fcharset0 AvenirNext-Regular;}
{\colortbl;\red255\green255\blue255;}
{\*\expandedcolortbl;;}
\deftab720
\pard\tx560\tx1120\tx1680\tx2240\tx2800\tx3360\tx3920\tx4480\tx5040\tx5600\tx6160\tx6720\pardeftab720\sl264\slmult1\sa180\pardirnatural\partightenfactor0

\f0\fs24 \cf0 Attributes}]]></Format>
    </Style>
    <Style Name="Emphasis" ID="4C4F9183-D928-44DA-9E1A-D94070D68784" Type="Char">
        <Format><![CDATA[{\rtf1\ansi\ansicpg1252\cocoartf2758
\cocoatextscaling0\cocoaplatform0{\fonttbl\f0\fnil\fcharset0 GraublauSlab-Regular;}
{\colortbl;\red255\green255\blue255;}
{\*\expandedcolortbl;;}
\deftab720
\pard\tx720\tx1440\tx2160\tx2880\tx3600\tx4320\tx5040\tx5760\tx6480\tx7200\tx7920\tx8640\tx9360\tx10080\tx10800\tx11520\pardeftab720\sl336\slmult1\pardirnatural\qj\partightenfactor0

\f0\i\fs28 \cf0 Attributes}]]></Format>
    </Style>
    <Style Name="Strong" ID="4D86A2ED-3EC4-4BA7-A74A-ABDB7FDA1F42" Type="Char" Shortcut="7">
        <Format><![CDATA[{\rtf1\ansi\ansicpg1252\cocoartf2758
\cocoatextscaling0\cocoaplatform0{\fonttbl\f0\fnil\fcharset0 GraublauSlab-Regular;}
{\colortbl;\red255\green255\blue255;}
{\*\expandedcolortbl;;}
\pard\tx560\tx1120\tx1680\tx2240\tx2800\tx3360\tx3920\tx4480\tx5040\tx5600\tx6160\tx6720\sl264\slmult1\sa180\pardirnatural\partightenfactor0

\f0\b\fs24 \cf0 Attributes}]]></Format>
    </Style>
    <Style Name="List" ID="8FF4D159-D353-4BB8-8CD3-5E21BF1021EB" Type="Para+Char" FontChange="Face+Size" Next="8FF4D159-D353-4BB8-8CD3-5E21BF1021EB">
        <Format><![CDATA[{\rtf1\ansi\ansicpg1252\cocoartf2758
\cocoatextscaling0\cocoaplatform0{\fonttbl\f0\fnil\fcharset0 AvenirNext-Regular;}
{\colortbl;\red255\green255\blue255;}
{\*\expandedcolortbl;;}
\deftab720
\pard\tx220\tx720\tx1440\tx2160\tx2880\tx3600\tx4320\tx5040\tx5760\tx6480\tx7200\tx7920\tx8640\tx9360\tx10080\tx10800\tx11520\pardeftab720\li720\fi-720\sl288\slmult1\pardirnatural\qj\partightenfactor0

\f0\fs28 \cf0 Attributes}]]></Format>
        <Lists>
            <ListItem>{decimal})</ListItem>
        </Lists>
    </Style>
    <Style Name="Superscript" ID="A0DE1AB6-9951-4442-B14D-DA4A7CC82D16" Type="Char" Shortcut="8">
        <Format><![CDATA[{\rtf1\ansi\ansicpg1252\cocoartf2758
\cocoatextscaling0\cocoaplatform0{\fonttbl\f0\fnil\fcharset0 GretaTextPro-Regular;}
{\colortbl;\red255\green255\blue255;}
{\*\expandedcolortbl;;}
\deftab720
\pard\pardeftab720\sl480\slmult1\sa120\partightenfactor0

\f0\fs24 \cf0 \super Attributes}]]></Format>
    </Style>
    <Style Name="Subscript" ID="24FDB4CF-F488-4E53-9B12-7FE83C9D052F" Type="Char" Shortcut="9">
        <Format><![CDATA[{\rtf1\ansi\ansicpg1252\cocoartf2758
\cocoatextscaling0\cocoaplatform0{\fonttbl\f0\fnil\fcharset0 GretaTextPro-Regular;}
{\colortbl;\red255\green255\blue255;}
{\*\expandedcolortbl;;}
\deftab720
\pard\pardeftab720\sl480\slmult1\sa120\partightenfactor0

\f0\fs24 \cf0 \sub Attributes}]]></Format>
    </Style>
    <Style Name="Strong Emphasis" ID="FB80E6F7-C3CF-44F6-8A17-D34CA417C109" Type="Char">
        <Format><![CDATA[{\rtf1\ansi\ansicpg1252\cocoartf2758
\cocoatextscaling0\cocoaplatform0{\fonttbl\f0\fnil\fcharset0 GraublauSlab-Regular;}
{\colortbl;\red255\green255\blue255;}
{\*\expandedcolortbl;;}
\deftab720
\pard\tx720\tx1440\tx2160\tx2880\tx3600\tx4320\tx5040\tx5760\tx6480\tx7200\tx7920\tx8640\tx9360\tx10080\tx10800\tx11520\pardeftab720\sl336\slmult1\pardirnatural\qj\partightenfactor0

\f0\i\b\fs28 \cf0 Attributes}]]></Format>
    </Style>
    <Style Name="Heading 3" ID="1017307E-3E03-4562-A78C-8A89803C33AD" Type="Para+Char" FontChange="Face+Size">
        <Format><![CDATA[{\rtf1\ansi\ansicpg1252\cocoartf2758
\cocoatextscaling0\cocoaplatform0{\fonttbl\f0\fswiss\fcharset0 Helvetica;\f1\fnil\fcharset0 AvenirNext-DemiBold;}
{\colortbl;\red255\green255\blue255;}
{\*\expandedcolortbl;;}
\pard\tx560\tx1120\tx1680\tx2240\tx2800\tx3360\tx3920\tx4480\tx5040\tx5600\tx6160\tx6720\sl288\slmult1\sb280\pardirnatural\partightenfactor0

\f0\fs24 \cf0 <$Scr_H::2>
\f1\b\fs36 Attributes
\f0\b0\fs24 <!$Scr_H::2>}]]></Format>
    </Style>
    <Style Name="Maths Block" ID="F512223A-8622-474F-B814-18F45559D5DC" Type="Para+Char" FontChange="Face+Size" Box="0.96044 0.909101 0.999798">
        <Format><![CDATA[{\rtf1\ansi\ansicpg1252\cocoartf2758
\cocoatextscaling0\cocoaplatform0{\fonttbl\f0\fnil\fcharset0 Menlo-Regular;}
{\colortbl;\red255\green255\blue255;}
{\*\expandedcolortbl;;}
\deftab720
\pard\tx720\tx1440\tx2160\tx2880\tx3600\tx4320\tx5040\tx5760\tx6480\tx7200\tx7920\tx8640\tx9360\tx10080\tx10800\tx11520\pardeftab720\sl264\slmult1\pardirnatural\partightenfactor0

\f0\fs24 \cf0 Attributes}]]></Format>
    </Style>
    <Style Name="Maths Inline" ID="3B36E686-1042-4159-B49E-BE51BD103DE8" Type="Char" FontChange="Face" Box="0.943166 0.888294 0.99975">
        <Format><![CDATA[{\rtf1\ansi\ansicpg1252\cocoartf2758
\cocoatextscaling0\cocoaplatform0{\fonttbl\f0\fnil\fcharset0 Menlo-Regular;}
{\colortbl;\red255\green255\blue255;}
{\*\expandedcolortbl;;}
\pard\tx0\tx0\tx567\tx1134\tx1701\sl312\slmult1\pardirnatural\qj\partightenfactor0

\f0\fs24 \cf0 Attributes}]]></Format>
    </Style>
    <Style Name="Raw LaTeX" ID="926B1828-CB82-45B5-94F9-E730DDE81F76" Type="Para+Char" FontChange="Face+Size" Box="0.898239 0.843665 1.0">
        <Format><![CDATA[{\rtf1\ansi\ansicpg1252\cocoartf2758
\cocoatextscaling0\cocoaplatform0{\fonttbl\f0\fnil\fcharset0 FiraCode-Retina;}
{\colortbl;\red255\green255\blue255;}
{\*\expandedcolortbl;;}
\pard\tx566\tx1133\tx1700\tx2267\tx2834\tx3401\tx3968\tx4535\sl288\slmult1\partightenfactor0

\f0\fs20 \cf0 \AppleTypeServicesU1 Attributes}]]></Format>
    </Style>
    <Style Name="Raw HTML" ID="7B7D231D-1F52-4C33-96EC-3E858E74FF3E" Type="Para+Char" FontChange="Face+Size" Box="0.965897 0.995131 0.940803">
        <Format><![CDATA[{\rtf1\ansi\ansicpg1252\cocoartf2758
\cocoatextscaling0\cocoaplatform0{\fonttbl\f0\fnil\fcharset0 FiraCode-Retina;}
{\colortbl;\red255\green255\blue255;}
{\*\expandedcolortbl;;}
\pard\tx566\tx1133\tx1700\tx2267\tx2834\tx3401\tx3968\tx4535\sl288\slmult1\partightenfactor0

\f0\fs20 \cf0 \AppleTypeServicesU1 Attributes}]]></Format>
    </Style>
    <Style Name="Small Caps" ID="10EA100A-B311-48D2-94D2-A1E1DA069090" Type="Char" FontChange="Size">
        <Format><![CDATA[{\rtf1\ansi\ansicpg1252\cocoartf2758
\cocoatextscaling0\cocoaplatform0{\fonttbl\f0\fnil\fcharset0 AvenirNext-Regular;}
{\colortbl;\red255\green255\blue255;}
{\*\expandedcolortbl;;}
\deftab720
\pard\tx720\tx1440\tx2160\tx2880\tx3600\tx4320\tx5040\tx5760\tx6480\tx7200\tx7920\tx8640\tx9360\tx10080\tx10800\tx11520\pardeftab720\sl336\slmult1\pardirnatural\qj\partightenfactor0

\f0\fs28 \AppleTypeServices\AppleTypeServicesF2424833 \cf0 Attributes}]]></Format>
    </Style>
    <Style Name="Meta-data" ID="3A30205E-4B38-47FC-9CA8-667C4C0130E2" Type="Para+Char" FontChange="Face+Size" Box="0.89852 0.896037 0.48616" Next="3A30205E-4B38-47FC-9CA8-667C4C0130E2">
        <Format><![CDATA[{\rtf1\ansi\ansicpg1252\cocoartf2758
\cocoatextscaling0\cocoaplatform0{\fonttbl\f0\fnil\fcharset0 Menlo-Regular;}
{\colortbl;\red255\green255\blue255;}
{\*\expandedcolortbl;;}
\pard\tx566\tx1133\tx1700\tx2267\tx2834\tx3401\tx3968\tx4535\sl312\slmult1\partightenfactor0

\f0\fs24 \cf0 Attributes}]]></Format>
    </Style>
    <Style Name="Ruby Code" ID="016CA239-069E-423A-8605-14E0B43B6C9F" Type="Para+Char" FontChange="Face+Size" Box="0.719611 0.989449 0.872966" Next="016CA239-069E-423A-8605-14E0B43B6C9F">
        <Format><![CDATA[{\rtf1\ansi\ansicpg1252\cocoartf2758
\cocoatextscaling0\cocoaplatform0{\fonttbl\f0\fnil\fcharset0 Menlo-Regular;}
{\colortbl;\red255\green255\blue255;\red0\green0\blue0;}
{\*\expandedcolortbl;;\csgray\c0;}
\deftab720
\pard\tx720\tx1080\tx1440\tx1800\tx2160\pardeftab720\li720\fi-720\pardirnatural\partightenfactor0

\f0\fs22 \cf2 Attributes}]]></Format>
    </Style>
    <Style Name="InfoBox" ID="834BEE01-435C-48CB-84ED-1A43376A96DB" Type="Para+Char" FontChange="Face+Size" Box="0.930451 1.0 0.079753">
        <Format><![CDATA[{\rtf1\ansi\ansicpg1252\cocoartf2758
\cocoatextscaling0\cocoaplatform0{\fonttbl\f0\fnil\fcharset0 AvenirNext-Regular;}
{\colortbl;\red255\green255\blue255;\red255\green252\blue128;}
{\*\expandedcolortbl;;\csgenericrgb\c100000\c98700\c50000;}
\deftab720
\pard\tx720\tx1440\tx2160\tx2880\tx3600\tx4320\tx5040\tx5760\tx6480\tx7200\tx7920\tx8640\tx9360\tx10080\tx10800\tx11520\pardeftab720\sl336\slmult1\pardirnatural\qc\partightenfactor0

\f0\fs28 \cf0 \cb2 Attributes}]]></Format>
    </Style>
    <Style Name="WarningBox" ID="B10D3FDF-1D85-4874-84B3-33B56A7C635E" Type="Para+Char" FontChange="Face+Size" Box="0.984322 0.329319 0.417877">
        <Format><![CDATA[{\rtf1\ansi\ansicpg1252\cocoartf2758
\cocoatextscaling0\cocoaplatform0{\fonttbl\f0\fnil\fcharset0 AvenirNext-Regular;}
{\colortbl;\red255\green255\blue255;\red255\green252\blue128;}
{\*\expandedcolortbl;;\csgenericrgb\c100000\c98700\c50000;}
\deftab720
\pard\tx720\tx1440\tx2160\tx2880\tx3600\tx4320\tx5040\tx5760\tx6480\tx7200\tx7920\tx8640\tx9360\tx10080\tx10800\tx11520\pardeftab720\sl336\slmult1\pardirnatural\qc\partightenfactor0

\f0\fs28 \cf0 \cb2 Attributes}]]></Format>
    </Style>
    <Style Name="Underline" ID="FA356E61-F7FD-4B08-921E-2818D580A8B9" Type="Char">
        <Format><![CDATA[{\rtf1\ansi\ansicpg1252\cocoartf2758
\cocoatextscaling0\cocoaplatform0{\fonttbl\f0\fnil\fcharset0 AvenirNext-Regular;}
{\colortbl;\red255\green255\blue255;}
{\*\expandedcolortbl;;}
\deftab720
\pard\tx220\tx720\tx1440\tx2160\tx2880\tx3600\tx4320\tx5040\tx5760\tx6480\tx7200\tx7920\tx8640\tx9360\tx10080\tx10800\tx11520\pardeftab720\li720\fi-720\sl336\slmult1\pardirnatural\qj\partightenfactor0

\f0\fs28 \cf0 \ul \ulc0 Attributes}]]></Format>
        <Lists>
            <ListItem>{disc}</ListItem>
        </Lists>
    </Style>
    <Style Name="Table Caption" ID="448704B1-6D9C-483C-8CA5-8F73B01D7178" Type="Para+Char" FontChange="Face+Size" Box="0.99797 0.904798 0.691679">
        <Format><![CDATA[{\rtf1\ansi\ansicpg1252\cocoartf2758
\cocoatextscaling0\cocoaplatform0{\fonttbl\f0\fnil\fcharset0 AvenirNext-Regular;}
{\colortbl;\red255\green255\blue255;}
{\*\expandedcolortbl;;}
\pard\tx560\tx1120\tx1680\tx2240\tx2800\tx3360\tx3920\tx4480\tx5040\tx5600\tx6160\tx6720\sl264\slmult1\sa180\pardirnatural\partightenfactor0

\f0\fs24 \cf0 Attributes}]]></Format>
    </Style>
    <Style Name="Block" ID="F8782939-2FCF-47F3-9F56-60D239C2F20D" Type="Para+Char" FontChange="Face+Size" Next="F8782939-2FCF-47F3-9F56-60D239C2F20D">
        <Format><![CDATA[{\rtf1\ansi\ansicpg1252\cocoartf2758
\cocoatextscaling0\cocoaplatform0{\fonttbl\f0\fnil\fcharset0 Menlo-Regular;}
{\colortbl;\red255\green255\blue255;\red196\green223\blue175;}
{\*\expandedcolortbl;;\cssrgb\c80800\c89400\c74100;}
\pard\tx0\sl312\slmult1\pardirnatural\partightenfactor0

\f0\fs24 \cf0 \cb2 Attributes}]]></Format>
    </Style>
    <Style Name="Raw Markdown" ID="302FFD2A-460B-4FB9-A559-E25A04CAB7ED" Type="Para+Char" FontChange="Face+Size" Next="302FFD2A-460B-4FB9-A559-E25A04CAB7ED">
        <Format><![CDATA[{\rtf1\ansi\ansicpg1252\cocoartf2758
\cocoatextscaling0\cocoaplatform0{\fonttbl\f0\fnil\fcharset0 Menlo-Regular;}
{\colortbl;\red255\green255\blue255;\red26\green26\blue26;\red202\green202\blue202;}
{\*\expandedcolortbl;;\csgray\c13700;\csgray\c83000;}
\deftab720
\pard\pardeftab720\partightenfactor0

\f0\fs24 \cf2 \cb3 \expnd0\expndtw0\kerning0
Attributes}]]></Format>
    </Style>
    <Style Name="Aside" ID="8D9A09BF-07C5-4A77-9E0F-DB5160753D31" Type="Char" Box="0.921532 1.0 0.938182">
        <Format><![CDATA[{\rtf1\ansi\ansicpg1252\cocoartf2758
\cocoatextscaling0\cocoaplatform0{\fonttbl\f0\fnil\fcharset0 Menlo-Regular;}
{\colortbl;\red255\green255\blue255;}
{\*\expandedcolortbl;;}
\deftab720
\pard\pardeftab720\partightenfactor0

\f0\fs24 \cf0 Attributes}]]></Format>
    </Style>
    <Style Name="Generic Code" ID="5E83974A-75D5-40C4-B61F-AC9FCA2274FE" Type="Para+Char" FontChange="Face+Size" Next="5E83974A-75D5-40C4-B61F-AC9FCA2274FE">
        <Format><![CDATA[{\rtf1\ansi\ansicpg1252\cocoartf2758
\cocoatextscaling0\cocoaplatform0{\fonttbl\f0\fnil\fcharset0 Menlo-Regular;}
{\colortbl;\red255\green255\blue255;\red192\green239\blue251;}
{\*\expandedcolortbl;;\cssrgb\c79200\c94900\c98800;}
\pard\tx0\tx0\tx567\tx1134\tx1701\sl312\slmult1\pardirnatural\qj\partightenfactor0

\f0\fs24 \cf0 \cb2 Attributes}]]></Format>
    </Style>
    <Style Name="Editor-only Comment" ID="5922C99E-B6DA-48A1-BCF5-EA04EDD1C923" Type="Char" FontChange="Face+Size">
        <Format><![CDATA[{\rtf1\ansi\ansicpg1252\cocoartf2758
\cocoatextscaling0\cocoaplatform0{\fonttbl\f0\fnil\fcharset0 AvenirNext-Italic;}
{\colortbl;\red255\green255\blue255;\red78\green78\blue78;}
{\*\expandedcolortbl;;\csgray\c38000;}
\pard\tx566\tx1133\tx1700\tx2267\tx2834\tx3401\tx3968\tx4535\sl312\slmult1\partightenfactor0

\f0\i\fs24 \cf2 Attributes}]]></Format>
    </Style>
    <Style Name="Margin Note" ID="859F5854-4F2A-4173-9F7A-1C85037AB6D6" Type="Char" Box="0.994715 0.764641 0.796425">
        <Format><![CDATA[{\rtf1\ansi\ansicpg1252\cocoartf2758
\cocoatextscaling0\cocoaplatform0{\fonttbl\f0\fnil\fcharset0 AvenirNext-Regular;}
{\colortbl;\red255\green255\blue255;}
{\*\expandedcolortbl;;}
\deftab720
\pard\tx720\tx1440\tx2160\tx2880\tx3600\tx4320\tx5040\tx5760\tx6480\tx7200\tx7920\tx8640\tx9360\tx10080\tx10800\tx11520\pardeftab720\sl336\slmult1\pardirnatural\partightenfactor0

\f0\fs28 \AppleTypeServices\AppleTypeServicesF1376256 \cf0 \expnd0\expndtw0\kerning0
Attributes}]]></Format>
    </Style>
    <Style Name="Comment" ID="A9AD0438-6F70-47F9-8507-628736552CED" Type="Para+Char" FontChange="Face+Size" Box="0.99083 0.561592 0.870434">
        <Format><![CDATA[{\rtf1\ansi\ansicpg1252\cocoartf2758
\cocoatextscaling0\cocoaplatform0{\fonttbl\f0\fnil\fcharset0 AvenirNext-Italic;}
{\colortbl;\red255\green255\blue255;}
{\*\expandedcolortbl;;}
\deftab720
\pard\tx720\tx1440\tx2160\tx2880\tx3600\tx4320\tx5040\tx5760\tx6480\tx7200\tx7920\tx8640\tx9360\tx10080\tx10800\tx11520\pardeftab720\sl336\slmult1\pardirnatural\qr\partightenfactor0

\f0\i\fs22 \AppleTypeServices\AppleTypeServicesF1376256 \cf0 Attributes}]]></Format>
    </Style>
    <Style Name="New Thought" ID="3AC323F3-FF99-403D-A0B1-938BA6C3DB21" Type="Char" Box="0.808855 1.0 0.887239">
        <Format><![CDATA[{\rtf1\ansi\ansicpg1252\cocoartf2758
\cocoatextscaling0\cocoaplatform0{\fonttbl\f0\fnil\fcharset0 AvenirNext-Regular;}
{\colortbl;\red255\green255\blue255;}
{\*\expandedcolortbl;;}
\deftab720
\pard\tx720\tx1440\tx2160\tx2880\tx3600\tx4320\tx5040\tx5760\tx6480\tx7200\tx7920\tx8640\tx9360\tx10080\tx10800\tx11520\pardeftab720\sl336\slmult1\pardirnatural\partightenfactor0

\f0\fs28 \AppleTypeServices\AppleTypeServicesF2424833 \cf0 Attributes}]]></Format>
    </Style>
</Styles>