<?xml version="1.0" encoding="UTF-8"?>
<ProjectPreferences Version="1.0">
    <UseProjectPreferences>Yes</UseProjectPreferences>
    <TextFormatRTFData><![CDATA[{\rtf1\ansi\ansicpg1252\cocoartf2577
\cocoatextscaling0\cocoaplatform0{\fonttbl\f0\fnil\fcharset0 AvenirNext-Regular;}
{\colortbl;\red255\green255\blue255;}
{\*\expandedcolortbl;;}
\deftab720
\pard\tx720\tx1440\tx2160\tx2880\tx3600\tx4320\tx5040\tx5760\tx6480\tx7200\tx7920\tx8640\tx9360\tx10080\tx10800\tx11520\pardeftab720\sl336\slmult1\pardirnatural\partightenfactor0

\f0\fs28 \AppleTypeServices\AppleTypeServicesF1376256 \cf0 Attributes}]]></TextFormatRTFData>
    <UseCustomFootnotesFont>No</UseCustomFootnotesFont>
    <FootnotesFont Size="10.0">TimesNewRomanPSMT</FootnotesFont>
    <FootnoteMarker UseMarker="No">*</FootnoteMarker>
</ProjectPreferences>