<?xml version="1.0" encoding="UTF-8"?>
<ProjectPreferences Version="1.0">
    <UseProjectPreferences>Yes</UseProjectPreferences>
    <TextFormatRTFData><![CDATA[{\rtf1\ansi\ansicpg1252\cocoartf2758
\cocoatextscaling0\cocoaplatform0{\fonttbl\f0\fnil\fcharset0 AvenirNext-Regular;}
{\colortbl;\red255\green255\blue255;}
{\*\expandedcolortbl;;}
\deftab566
\pard\tx566\tx1133\tx1700\tx2267\tx2834\tx3401\tx3968\tx4535\tx5102\tx5669\tx6236\tx6803\tx7370\tx7937\tx8503\tx9070\pardeftab566\sl336\slmult1\pardirnatural\qj\partightenfactor0

\f0\fs28 \AppleTypeServices\AppleTypeServicesF1376256 \cf0 Attributes}]]></TextFormatRTFData>
    <UseCustomFootnotesFont>No</UseCustomFootnotesFont>
    <FootnotesFont Size="10.0">TimesNewRomanPSMT</FootnotesFont>
    <FootnoteMarker UseMarker="No">*</FootnoteMarker>
</ProjectPreferences>