<?xml version="1.0" encoding="UTF-8"?>
<UIStates>
    <Binder Show="Yes">
        <ShowCollections>No</ShowCollections>
        <SelectedCollection>0</SelectedCollection>
        <SubdocumentCounts>No</SubdocumentCounts>
        <ExpandedItems>
            <ItemID>C219712D-B6C0-48C9-A001-7DA33C37B542</ItemID>
            <ItemID>AC7332B1-B400-4B1D-A94E-C8745B1FCD6F</ItemID>
            <ItemID>F033D2FD-BA3A-4692-B38A-12377B6BF473</ItemID>
            <ItemID>4C6A00A9-56CE-40AD-8C1E-F2B5239BF27B</ItemID>
            <ItemID>E03A24E1-251C-4B04-AFE2-5F0C8D1802C1</ItemID>
            <ItemID>EAA09E23-29B9-4BD0-98D9-03A261794697</ItemID>
        </ExpandedItems>
        <Selection>
            <ItemID>A904D547-4B9A-4D67-915B-4E4B0FED876C</ItemID>
        </Selection>
        <SearchResultsSort Titles="Ascending" Dates="Ascending">None</SearchResultsSort>
    </Binder>
    <Inspector Show="Yes" View="Comments">
        <ShowProjectBookmarks>No</ShowProjectBookmarks>
        <ShowSimilarTexts>No</ShowSimilarTexts>
        <FootnoteNumbers Prompt="No">No</FootnoteNumbers>
    </Inspector>
    <Split>None</Split>
    <BinderAffects>Current</BinderAffects>
    <Labels>
        <Binder FullWidth="No">No</Binder>
        <Icons>No</Icons>
        <IndexCards>No</IndexCards>
        <OutlinerRows>No</OutlinerRows>
        <ScriveningsTitles>No</ScriveningsTitles>
    </Labels>
    <Corkboards>
        <LabelIndicators>Yes</LabelIndicators>
        <Stamps>No</Stamps>
        <Keywords>No</Keywords>
        <Numbers Restart="No">No</Numbers>
        <SnapToGrid>No</SnapToGrid>
        <BlankCardsAsGhosts>No</BlankCardsAsGhosts>
    </Corkboards>
    <Text>
        <ShowFormatBar>Yes</ShowFormatBar>
        <UseVerticalLayout>No</UseVerticalLayout>
        <ShowScriveningsTitles>Yes</ShowScriveningsTitles>
        <ShowInvisibles>Yes</ShowInvisibles>
        <RevisionMode>0</RevisionMode>
        <TextChecking>
            <Spelling>Yes</Spelling>
            <Grammar>No</Grammar>
            <SmartQuotes>No</SmartQuotes>
            <SmartDashes>No</SmartDashes>
        </TextChecking>
    </Text>
    <FullScreen>
        <ShowRuler>No</ShowRuler>
        <PageLayout Facing="No">No</PageLayout>
        <TypewriterScrolling>Yes</TypewriterScrolling>
    </FullScreen>
    <Editors Primary="Editor1">
        <Editor1>
            <View>
                <ShowHeader>Yes</ShowHeader>
                <ShowFooter>Yes</ShowFooter>
                <GroupsViewMode>Scrivenings</GroupsViewMode>
                <CurrentViewMode>Single</CurrentViewMode>
                <SelectionAffects>None</SelectionAffects>
                <Content>
                    <ItemID>A904D547-4B9A-4D67-915B-4E4B0FED876C</ItemID>
                </Content>
                <NavigationHistory CurrentIndex="99">
                    <HistoryItem Type="BinderItems" ViewMode="Scrivenings" ScriveningsSelection="0,0">4C6A00A9-56CE-40AD-8C1E-F2B5239BF27B</HistoryItem>
                    <HistoryItem Type="BinderItems" ViewMode="Single">1A5262B9-F970-49D9-9E6A-D37A62C475AD</HistoryItem>
                    <HistoryItem Type="BinderItems" ViewMode="Single">E152F178-7314-4478-B389-1EBB8D933CC9</HistoryItem>
                    <HistoryItem Type="BinderItems" ViewMode="Single">1A5262B9-F970-49D9-9E6A-D37A62C475AD</HistoryItem>
                    <HistoryItem Type="BinderItems" ViewMode="Single">E152F178-7314-4478-B389-1EBB8D933CC9</HistoryItem>
                    <HistoryItem Type="BinderItems" ViewMode="Single">1A5262B9-F970-49D9-9E6A-D37A62C475AD</HistoryItem>
                    <HistoryItem Type="BinderItems" ViewMode="Single">E152F178-7314-4478-B389-1EBB8D933CC9</HistoryItem>
                    <HistoryItem Type="BinderItems" ViewMode="Single">1A5262B9-F970-49D9-9E6A-D37A62C475AD</HistoryItem>
                    <HistoryItem Type="BinderItems" ViewMode="Single">E152F178-7314-4478-B389-1EBB8D933CC9</HistoryItem>
                    <HistoryItem Type="BinderItems" ViewMode="Single">27C8271F-37BF-4CBB-B4AB-A167105AE80F</HistoryItem>
                    <HistoryItem Type="BinderItems" ViewMode="Single">EBE84E5F-75E1-4C3E-AA4E-FF0692837B8E</HistoryItem>
                    <HistoryItem Type="BinderItems" ViewMode="Single">5908A8F1-D2F0-4833-B5DA-DB791D521D2C</HistoryItem>
                    <HistoryItem Type="BinderItems" ViewMode="Single">B2FAE29A-9478-4B15-BD51-F89E1E48D6FF</HistoryItem>
                    <HistoryItem Type="BinderItems" ViewMode="Single">CC46B811-B23B-4498-B0B9-B15F04024DE6</HistoryItem>
                    <HistoryItem Type="BinderItems" ViewMode="Single">20A27520-7FAD-4AAE-BE46-ED2B1178BAE7</HistoryItem>
                    <HistoryItem Type="BinderItems" ViewMode="Single">CC46B811-B23B-4498-B0B9-B15F04024DE6</HistoryItem>
                    <HistoryItem Type="BinderItems" ViewMode="Outliner">EAA09E23-29B9-4BD0-98D9-03A261794697</HistoryItem>
                    <HistoryItem Type="BinderItems" ViewMode="Single">B2FAE29A-9478-4B15-BD51-F89E1E48D6FF</HistoryItem>
                    <HistoryItem Type="BinderItems" ViewMode="Outliner">EAA09E23-29B9-4BD0-98D9-03A261794697</HistoryItem>
                    <HistoryItem Type="BinderItems" ViewMode="Single">AEC26864-B412-4A24-8DE8-285813FECCFB</HistoryItem>
                    <HistoryItem Type="BinderItems" ViewMode="Single">A7381EC9-7522-41F1-BB05-F5877C5CC97C</HistoryItem>
                    <HistoryItem Type="BinderItems" ViewMode="Single">AEC26864-B412-4A24-8DE8-285813FECCFB</HistoryItem>
                    <HistoryItem Type="BinderItems" ViewMode="Single">A7381EC9-7522-41F1-BB05-F5877C5CC97C</HistoryItem>
                    <HistoryItem Type="BinderItems" ViewMode="Single">AEC26864-B412-4A24-8DE8-285813FECCFB</HistoryItem>
                    <HistoryItem Type="BinderItems" ViewMode="Single">55C18DB9-2DE4-4C57-81A1-E05BFF091C74</HistoryItem>
                    <HistoryItem Type="BinderItems" ViewMode="Single">6C8F097F-2630-4386-918D-D144AB6C5A7C</HistoryItem>
                    <HistoryItem Type="BinderItems" ViewMode="Single">79026E87-E474-46F8-A32B-09671CE898D4</HistoryItem>
                    <HistoryItem Type="BinderItems" ViewMode="Single">39B0825B-D9B5-41E6-ABB2-BA3B791869D3</HistoryItem>
                    <HistoryItem Type="BinderItems" ViewMode="Single">79026E87-E474-46F8-A32B-09671CE898D4</HistoryItem>
                    <HistoryItem Type="BinderItems" ViewMode="Single">6C8F097F-2630-4386-918D-D144AB6C5A7C</HistoryItem>
                    <HistoryItem Type="BinderItems" ViewMode="Single">55C18DB9-2DE4-4C57-81A1-E05BFF091C74</HistoryItem>
                    <HistoryItem Type="BinderItems" ViewMode="Single">39B0825B-D9B5-41E6-ABB2-BA3B791869D3</HistoryItem>
                    <HistoryItem Type="BinderItems" ViewMode="Single">AEC26864-B412-4A24-8DE8-285813FECCFB</HistoryItem>
                    <HistoryItem Type="BinderItems" ViewMode="Single">A7381EC9-7522-41F1-BB05-F5877C5CC97C</HistoryItem>
                    <HistoryItem Type="BinderItems" ViewMode="Outliner">EAA09E23-29B9-4BD0-98D9-03A261794697</HistoryItem>
                    <HistoryItem Type="BinderItems" ViewMode="Single">AEC26864-B412-4A24-8DE8-285813FECCFB</HistoryItem>
                    <HistoryItem Type="BinderItems" ViewMode="Single">7F90269D-419A-4EDB-8DB5-F37EE0CD1262</HistoryItem>
                    <HistoryItem Type="BinderItems" ViewMode="Single">7AB26D6F-D471-4753-8840-E83E4468DB3C</HistoryItem>
                    <HistoryItem Type="BinderItems" ViewMode="Single">CC46B811-B23B-4498-B0B9-B15F04024DE6</HistoryItem>
                    <HistoryItem Type="BinderItems" ViewMode="Single">1A5262B9-F970-49D9-9E6A-D37A62C475AD</HistoryItem>
                    <HistoryItem Type="BinderItems" ViewMode="Single">E152F178-7314-4478-B389-1EBB8D933CC9</HistoryItem>
                    <HistoryItem Type="BinderItems" ViewMode="Single">1A5262B9-F970-49D9-9E6A-D37A62C475AD</HistoryItem>
                    <HistoryItem Type="BinderItems" ViewMode="Outliner">F033D2FD-BA3A-4692-B38A-12377B6BF473</HistoryItem>
                    <HistoryItem Type="BinderItems" ViewMode="Scrivenings" ScriveningsSelection="0,0">4C6A00A9-56CE-40AD-8C1E-F2B5239BF27B</HistoryItem>
                    <HistoryItem Type="BinderItems" ViewMode="Single">1A5262B9-F970-49D9-9E6A-D37A62C475AD</HistoryItem>
                    <HistoryItem Type="BinderItems" ViewMode="Single">E152F178-7314-4478-B389-1EBB8D933CC9</HistoryItem>
                    <HistoryItem Type="BinderItems" ViewMode="Scrivenings" ScriveningsSelection="0,0">4C6A00A9-56CE-40AD-8C1E-F2B5239BF27B</HistoryItem>
                    <HistoryItem Type="BinderItems" ViewMode="Single">E152F178-7314-4478-B389-1EBB8D933CC9</HistoryItem>
                    <HistoryItem Type="BinderItems" ViewMode="Single">767650CE-6F6E-494C-866D-D9BC9F42B015</HistoryItem>
                    <HistoryItem Type="BinderItems" ViewMode="Single">E03A24E1-251C-4B04-AFE2-5F0C8D1802C1</HistoryItem>
                    <HistoryItem Type="BinderItems" ViewMode="Single">D011A027-E3E0-4634-9F83-0416CDBFE6DA</HistoryItem>
                    <HistoryItem Type="BinderItems" ViewMode="Single">AE4E9E1B-B816-45D1-8555-D144E48F101A</HistoryItem>
                    <HistoryItem Type="BinderItems" ViewMode="Single">E03A24E1-251C-4B04-AFE2-5F0C8D1802C1</HistoryItem>
                    <HistoryItem Type="BinderItems" ViewMode="Single">767650CE-6F6E-494C-866D-D9BC9F42B015</HistoryItem>
                    <HistoryItem Type="BinderItems" ViewMode="Single">D73CA212-4778-4080-8D93-DC30C8DBC3E7</HistoryItem>
                    <HistoryItem Type="BinderItems" ViewMode="Single">7F90269D-419A-4EDB-8DB5-F37EE0CD1262</HistoryItem>
                    <HistoryItem Type="BinderItems" ViewMode="Single">E03A24E1-251C-4B04-AFE2-5F0C8D1802C1</HistoryItem>
                    <HistoryItem Type="BinderItems" ViewMode="Single">AE4E9E1B-B816-45D1-8555-D144E48F101A</HistoryItem>
                    <HistoryItem Type="BinderItems" ViewMode="Single">D011A027-E3E0-4634-9F83-0416CDBFE6DA</HistoryItem>
                    <HistoryItem Type="BinderItems" ViewMode="Single">AE4E9E1B-B816-45D1-8555-D144E48F101A</HistoryItem>
                    <HistoryItem Type="BinderItems" ViewMode="Single">E03A24E1-251C-4B04-AFE2-5F0C8D1802C1</HistoryItem>
                    <HistoryItem Type="BinderItems" ViewMode="Scrivenings" ScriveningsSelection="0,0">4C6A00A9-56CE-40AD-8C1E-F2B5239BF27B</HistoryItem>
                    <HistoryItem Type="BinderItems" ViewMode="Scrivenings">EAA09E23-29B9-4BD0-98D9-03A261794697</HistoryItem>
                    <HistoryItem Type="BinderItems" ViewMode="Single">A904D547-4B9A-4D67-915B-4E4B0FED876C</HistoryItem>
                    <HistoryItem Type="BinderItems" ViewMode="Single">D73CA212-4778-4080-8D93-DC30C8DBC3E7</HistoryItem>
                    <HistoryItem Type="BinderItems" ViewMode="Single">1A5262B9-F970-49D9-9E6A-D37A62C475AD</HistoryItem>
                    <HistoryItem Type="BinderItems" ViewMode="Single">A904D547-4B9A-4D67-915B-4E4B0FED876C</HistoryItem>
                    <HistoryItem Type="BinderItems" ViewMode="Scrivenings" ScriveningsSelection="183,0">4C6A00A9-56CE-40AD-8C1E-F2B5239BF27B</HistoryItem>
                    <HistoryItem Type="BinderItems" ViewMode="Single">AE4E9E1B-B816-45D1-8555-D144E48F101A</HistoryItem>
                    <HistoryItem Type="BinderItems" ViewMode="Single">E03A24E1-251C-4B04-AFE2-5F0C8D1802C1</HistoryItem>
                    <HistoryItem Type="BinderItems" ViewMode="Single">AE4E9E1B-B816-45D1-8555-D144E48F101A</HistoryItem>
                    <HistoryItem Type="BinderItems" ViewMode="Single">A904D547-4B9A-4D67-915B-4E4B0FED876C</HistoryItem>
                    <HistoryItem Type="BinderItems" ViewMode="Single">6163815D-8434-47F1-91C9-E8EEE72B4B7F</HistoryItem>
                    <HistoryItem Type="BinderItems" ViewMode="Single">1A5262B9-F970-49D9-9E6A-D37A62C475AD</HistoryItem>
                    <HistoryItem Type="BinderItems" ViewMode="Single">7F90269D-419A-4EDB-8DB5-F37EE0CD1262</HistoryItem>
                    <HistoryItem Type="BinderItems" ViewMode="Single">E152F178-7314-4478-B389-1EBB8D933CC9</HistoryItem>
                    <HistoryItem Type="BinderItems" ViewMode="Single">1A5262B9-F970-49D9-9E6A-D37A62C475AD</HistoryItem>
                    <HistoryItem Type="BinderItems" ViewMode="Single">7AB26D6F-D471-4753-8840-E83E4468DB3C</HistoryItem>
                    <HistoryItem Type="BinderItems" ViewMode="Scrivenings" ScriveningsSelection="10,0">AC7332B1-B400-4B1D-A94E-C8745B1FCD6F</HistoryItem>
                    <HistoryItem Type="BinderItems" ViewMode="Single">7AB26D6F-D471-4753-8840-E83E4468DB3C</HistoryItem>
                    <HistoryItem Type="BinderItems" ViewMode="Scrivenings" ScriveningsSelection="0,0">AC7332B1-B400-4B1D-A94E-C8745B1FCD6F</HistoryItem>
                    <HistoryItem Type="BinderItems" ViewMode="Single">A904D547-4B9A-4D67-915B-4E4B0FED876C</HistoryItem>
                    <HistoryItem Type="BinderItems" ViewMode="Scrivenings" ScriveningsSelection="11,0">C219712D-B6C0-48C9-A001-7DA33C37B542</HistoryItem>
                    <HistoryItem Type="BinderItems" ViewMode="Scrivenings" ScriveningsSelection="0,0">1A5262B9-F970-49D9-9E6A-D37A62C475AD</HistoryItem>
                    <HistoryItem Type="BinderItems" ViewMode="Single">E152F178-7314-4478-B389-1EBB8D933CC9</HistoryItem>
                    <HistoryItem Type="BinderItems" ViewMode="Single">1A5262B9-F970-49D9-9E6A-D37A62C475AD</HistoryItem>
                    <HistoryItem Type="BinderItems" ViewMode="Single">E152F178-7314-4478-B389-1EBB8D933CC9</HistoryItem>
                    <HistoryItem Type="BinderItems" ViewMode="Single">1A5262B9-F970-49D9-9E6A-D37A62C475AD</HistoryItem>
                    <HistoryItem Type="BinderItems" ViewMode="Single">E152F178-7314-4478-B389-1EBB8D933CC9</HistoryItem>
                    <HistoryItem Type="BinderItems" ViewMode="Single">1A5262B9-F970-49D9-9E6A-D37A62C475AD</HistoryItem>
                    <HistoryItem Type="BinderItems" ViewMode="Single">4E7DA1A9-8DB8-4455-B5F2-72839B63EA03</HistoryItem>
                    <HistoryItem Type="BinderItems" ViewMode="Single">D011A027-E3E0-4634-9F83-0416CDBFE6DA</HistoryItem>
                    <HistoryItem Type="BinderItems" ViewMode="Single">AE4E9E1B-B816-45D1-8555-D144E48F101A</HistoryItem>
                    <HistoryItem Type="BinderItems" ViewMode="Single">4E7DA1A9-8DB8-4455-B5F2-72839B63EA03</HistoryItem>
                    <HistoryItem Type="BinderItems" ViewMode="Single">D73CA212-4778-4080-8D93-DC30C8DBC3E7</HistoryItem>
                    <HistoryItem Type="BinderItems" ViewMode="Single">7F90269D-419A-4EDB-8DB5-F37EE0CD1262</HistoryItem>
                    <HistoryItem Type="BinderItems" ViewMode="Single">767650CE-6F6E-494C-866D-D9BC9F42B015</HistoryItem>
                    <HistoryItem Type="BinderItems" ViewMode="Single">6163815D-8434-47F1-91C9-E8EEE72B4B7F</HistoryItem>
                    <HistoryItem Type="BinderItems" ViewMode="Single">9519BE0B-11AE-42BC-AEA1-CF69D65DE214</HistoryItem>
                    <HistoryItem Type="BinderItems" ViewMode="Single">A904D547-4B9A-4D67-915B-4E4B0FED876C</HistoryItem>
                </NavigationHistory>
            </View>
            <Text>
                <ShowRuler>Yes</ShowRuler>
                <PageLayout Facing="No">No</PageLayout>
                <TypewriterScrolling>No</TypewriterScrolling>
                <LineNumbers Interval="1">No</LineNumbers>
                <Selection>2335,0</Selection>
            </Text>
            <Outliner>
                <Columns>
                    <ColID>title</ColID>
                    <ColID>label</ColID>
                    <ColID>status</ColID>
                    <ColID>sectionType</ColID>
                </Columns>
                <TitlesOnly>No</TitlesOnly>
                <HideIcons>No</HideIcons>
                <ShowNumbers>No</ShowNumbers>
                <KeywordsAsChips>Yes</KeywordsAsChips>
                <FixedRowHeights>No</FixedRowHeights>
            </Outliner>
            <Corkboard>
                <CardsAcross>-1</CardsAcross>
                <KeywordChips>5</KeywordChips>
                <SizeCardsToFit>Yes</SizeCardsToFit>
                <CardHeightRatio>0.6666</CardHeightRatio>
                <SectionsArrangement>Wrap</SectionsArrangement>
                <LabelThreadsUseColumns>No</LabelThreadsUseColumns>
            </Corkboard>
            <Copyholder PreferredOrientation="Vertical" VerticalPos="Right" HorizontalPos="Bottom">
                <Text>
                    <ShowRuler>No</ShowRuler>
                    <PageLayout Facing="No">No</PageLayout>
                    <TypewriterScrolling>No</TypewriterScrolling>
                    <LineNumbers Interval="1">No</LineNumbers>
                </Text>
            </Copyholder>
        </Editor1>
        <Editor2>
            <View>
                <ShowHeader>Yes</ShowHeader>
                <ShowFooter>Yes</ShowFooter>
                <GroupsViewMode>Scrivenings</GroupsViewMode>
                <CurrentViewMode>Single</CurrentViewMode>
                <SelectionAffects>None</SelectionAffects>
                <NavigationHistory CurrentIndex="4">
                    <HistoryItem Type="BinderItems" ViewMode="Single">1A5262B9-F970-49D9-9E6A-D37A62C475AD</HistoryItem>
                    <HistoryItem Type="BinderItems" ViewMode="Single">20A27520-7FAD-4AAE-BE46-ED2B1178BAE7</HistoryItem>
                    <HistoryItem Type="BinderItems" ViewMode="Scrivenings" ScriveningsSelection="0,0">4C6A00A9-56CE-40AD-8C1E-F2B5239BF27B</HistoryItem>
                    <HistoryItem Type="BinderItems" ViewMode="Single">6163815D-8434-47F1-91C9-E8EEE72B4B7F</HistoryItem>
                    <HistoryItem Type="BinderItems" ViewMode="Single">E152F178-7314-4478-B389-1EBB8D933CC9</HistoryItem>
                </NavigationHistory>
            </View>
            <Text>
                <ShowRuler>No</ShowRuler>
                <PageLayout Facing="No">No</PageLayout>
                <TypewriterScrolling>No</TypewriterScrolling>
                <LineNumbers Interval="1">No</LineNumbers>
                <Selection>0,0</Selection>
            </Text>
            <Outliner>
                <Columns>
                    <ColID>title</ColID>
                    <ColID>label</ColID>
                    <ColID>status</ColID>
                    <ColID>sectionType</ColID>
                </Columns>
                <TitlesOnly>No</TitlesOnly>
                <HideIcons>No</HideIcons>
                <ShowNumbers>No</ShowNumbers>
                <KeywordsAsChips>Yes</KeywordsAsChips>
                <FixedRowHeights>No</FixedRowHeights>
            </Outliner>
            <Corkboard>
                <CardsAcross>-1</CardsAcross>
                <KeywordChips>5</KeywordChips>
                <SizeCardsToFit>Yes</SizeCardsToFit>
                <CardHeightRatio>0.6666</CardHeightRatio>
                <SectionsArrangement>Wrap</SectionsArrangement>
                <LabelThreadsUseColumns>No</LabelThreadsUseColumns>
            </Corkboard>
            <Copyholder PreferredOrientation="Vertical" VerticalPos="Right" HorizontalPos="Bottom">
                <Text>
                    <ShowRuler>No</ShowRuler>
                    <PageLayout Facing="No">No</PageLayout>
                    <TypewriterScrolling>No</TypewriterScrolling>
                    <LineNumbers Interval="1">No</LineNumbers>
                </Text>
            </Copyholder>
        </Editor2>
    </Editors>
</UIStates>