<?xml version="1.0" encoding="UTF-8"?>
<Styles>
    <Style Name="Code Block" ID="8F550E07-4453-464E-B1E3-6959A9975A49" Type="Para+Char" FontChange="Face+Size" Box="0.882745 0.987433 0.983038" Next="8F550E07-4453-464E-B1E3-6959A9975A49">
        <Format><![CDATA[{\rtf1\ansi\ansicpg1252\cocoartf2761
\cocoatextscaling0\cocoaplatform0{\fonttbl\f0\fnil\fcharset0 Menlo-Regular;}
{\colortbl;\red255\green255\blue255;}
{\*\expandedcolortbl;;}
\deftab566
\pard\tx566\tx1133\tx1700\tx2267\tx2834\pardeftab566\sl288\slmult1\pardirnatural\partightenfactor0

\f0\fs22 \cf0 Attributes}]]></Format>
    </Style>
    <Style Name="Code Span" ID="108D110D-BC08-40A9-B068-4B7BB3E93193" Type="Char" FontChange="Face+Size" Box="0.930666 0.931998 0.974671" Shortcut="6">
        <Format><![CDATA[{\rtf1\ansi\ansicpg1252\cocoartf2761
\cocoatextscaling0\cocoaplatform0{\fonttbl\f0\fnil\fcharset0 Menlo-Regular;}
{\colortbl;\red255\green255\blue255;}
{\*\expandedcolortbl;;}
\pard\tx0\tx0\tx567\tx1134\tx1701\sl312\slmult1\pardirnatural\qj\partightenfactor0

\f0\fs22 \cf0 Attributes}]]></Format>
    </Style>
    <Style Name="Caption" ID="914508C8-7787-469A-8964-636E038ACF74" Type="Para+Char" FontChange="Face+Size" Box="0.992879 0.945343 0.556099" Shortcut="3">
        <Format><![CDATA[{\rtf1\ansi\ansicpg1252\cocoartf2761
\cocoatextscaling0\cocoaplatform0{\fonttbl\f0\fnil\fcharset0 AvenirNext-Regular;}
{\colortbl;\red255\green255\blue255;}
{\*\expandedcolortbl;;}
\deftab720
\pard\tx560\tx1120\tx1680\tx2240\tx2800\tx3360\tx3920\tx4480\tx5040\tx5600\tx6160\tx6720\pardeftab720\sl264\slmult1\sa180\pardirnatural\partightenfactor0

\f0\fs24 \cf0 Attributes}]]></Format>
    </Style>
    <Style Name="Block Quote" ID="EF556277-0DD0-4376-9FA9-61A1357B0278" Type="Para" FontChange="Size" Shortcut="2">
        <Format><![CDATA[{\rtf1\ansi\ansicpg1252\cocoartf2761
\cocoatextscaling0\cocoaplatform0{\fonttbl\f0\fnil\fcharset0 GraublauSlab-Regular;}
{\colortbl;\red255\green255\blue255;}
{\*\expandedcolortbl;;}
\pard\tx720\tx1080\tx1440\li720\sl336\slmult1\sb240\sa240\pardirnatural\partightenfactor0

\f0\fs24 \cf0 Attributes}]]></Format>
    </Style>
    <Style Name="Heading 1" ID="D5378353-C9A7-4BD2-9209-DD6E6199F401" Type="Para+Char" FontChange="Face+Size" Shortcut="4">
        <Format><![CDATA[{\rtf1\ansi\ansicpg1252\cocoartf2761
\cocoatextscaling0\cocoaplatform0{\fonttbl\f0\fswiss\fcharset0 Helvetica;\f1\fnil\fcharset0 AvenirNext-BoldItalic;}
{\colortbl;\red255\green255\blue255;}
{\*\expandedcolortbl;;}
\pard\tx560\tx1120\tx1680\tx2240\tx2800\tx3360\tx3920\tx4480\tx5040\tx5600\tx6160\tx6720\sl336\slmult1\sb280\pardirnatural\partightenfactor0

\f0\fs24 \cf0 <$Scr_H::1>
\f1\i\b\fs48 Attributes
\f0\i0\b0\fs24 <!$Scr_H::1>}]]></Format>
    </Style>
    <Style Name="Heading 2" ID="1A669D7C-0E9D-4674-9871-11AFC709E857" Type="Para+Char" FontChange="Face+Size" Shortcut="5">
        <Format><![CDATA[{\rtf1\ansi\ansicpg1252\cocoartf2761
\cocoatextscaling0\cocoaplatform0{\fonttbl\f0\fswiss\fcharset0 Helvetica;\f1\fnil\fcharset0 AvenirNext-BoldItalic;}
{\colortbl;\red255\green255\blue255;}
{\*\expandedcolortbl;;}
\pard\tx560\tx1120\tx1680\tx2240\tx2800\tx3360\tx3920\tx4480\tx5040\tx5600\tx6160\tx6720\sl336\slmult1\sb280\pardirnatural\partightenfactor0

\f0\fs24 \cf0 <$Scr_H::2>
\f1\i\b\fs36 Attributes
\f0\i0\b0\fs24 <!$Scr_H::2>}]]></Format>
    </Style>
    <Style Name="Highlight" ID="5AAA531D-9090-4E04-B5EB-B96CA51347BF" Type="Char">
        <Format><![CDATA[{\rtf1\ansi\ansicpg1252\cocoartf2761
\cocoatextscaling0\cocoaplatform0{\fonttbl\f0\fswiss\fcharset0 Helvetica;}
{\colortbl;\red255\green255\blue255;\red255\green242\blue127;}
{\*\expandedcolortbl;;\cssrgb\c100000\c95000\c57000;}
\pard\tx720\tx1440\tx2160\tx2880\tx3600\tx4320\sl264\slmult1\pardirnatural\partightenfactor0

\f0\fs24 \cf0 \cb2 Attributes}]]></Format>
    </Style>
    <Style Name="Title" ID="3100FFB3-2FB9-423B-A902-AA900105F10C" Type="Para+Char" FontChange="Size">
        <Format><![CDATA[{\rtf1\ansi\ansicpg1252\cocoartf2761
\cocoatextscaling0\cocoaplatform0{\fonttbl\f0\fnil\fcharset0 GraublauSlab-Regular;}
{\colortbl;\red255\green255\blue255;}
{\*\expandedcolortbl;;}
\pard\tx560\tx1120\tx1680\tx2240\tx2800\tx3360\tx3920\tx4480\tx5040\tx5600\tx6160\tx6720\sl336\slmult1\sb280\pardirnatural\partightenfactor0

\f0\fs56 \cf0 Attributes}]]></Format>
    </Style>
    <Style Name="Attribution" ID="9A5C4164-5881-4E22-AB2A-E6D1FEBD3F77" Type="Para" FontChange="Size" Shortcut="">
        <Format><![CDATA[{\rtf1\ansi\ansicpg1252\cocoartf2761
\cocoatextscaling0\cocoaplatform0{\fonttbl\f0\fnil\fcharset0 GraublauSlab-Regular;}
{\colortbl;\red255\green255\blue255;}
{\*\expandedcolortbl;;}
\pard\tx720\tx1080\tx1440\li720\sl336\slmult1\sa240\pardirnatural\partightenfactor0

\f0\fs24 \cf0 Attributes}]]></Format>
    </Style>
    <Style Name="Emphasis" ID="9930E74C-5100-4655-AAA7-F5127EF738A6" Type="Char">
        <Format><![CDATA[{\rtf1\ansi\ansicpg1252\cocoartf2761
\cocoatextscaling0\cocoaplatform0{\fonttbl\f0\fnil\fcharset0 GraublauSlab-Regular;}
{\colortbl;\red255\green255\blue255;}
{\*\expandedcolortbl;;}
\deftab720
\pard\tx720\tx1440\tx2160\tx2880\tx3600\tx4320\tx5040\tx5760\tx6480\tx7200\tx7920\tx8640\tx9360\tx10080\tx10800\tx11520\pardeftab720\sl336\slmult1\pardirnatural\qj\partightenfactor0

\f0\i\fs28 \cf0 Attributes}]]></Format>
    </Style>
    <Style Name="Strong" ID="D3262A7E-3279-4106-AB71-4787D6B45F17" Type="Char" Shortcut="7">
        <Format><![CDATA[{\rtf1\ansi\ansicpg1252\cocoartf2761
\cocoatextscaling0\cocoaplatform0{\fonttbl\f0\fnil\fcharset0 GraublauSlab-Regular;}
{\colortbl;\red255\green255\blue255;}
{\*\expandedcolortbl;;}
\pard\tx560\tx1120\tx1680\tx2240\tx2800\tx3360\tx3920\tx4480\tx5040\tx5600\tx6160\tx6720\sl264\slmult1\sa180\pardirnatural\partightenfactor0

\f0\b\fs24 \cf0 Attributes}]]></Format>
    </Style>
    <Style Name="List" ID="AD81B980-4190-4829-A27D-6F923FBFEE66" Type="Para+Char" FontChange="Face+Size" Next="AD81B980-4190-4829-A27D-6F923FBFEE66">
        <Format><![CDATA[{\rtf1\ansi\ansicpg1252\cocoartf2761
\cocoatextscaling0\cocoaplatform0{\fonttbl\f0\fnil\fcharset0 AvenirNext-Regular;}
{\colortbl;\red255\green255\blue255;}
{\*\expandedcolortbl;;}
\deftab720
\pard\tx220\tx720\tx1440\tx2160\tx2880\tx3600\tx4320\tx5040\tx5760\tx6480\tx7200\tx7920\tx8640\tx9360\tx10080\tx10800\tx11520\pardeftab720\li720\fi-720\sl288\slmult1\pardirnatural\qj\partightenfactor0

\f0\fs28 \cf0 Attributes}]]></Format>
        <Lists>
            <ListItem>{decimal})</ListItem>
        </Lists>
    </Style>
    <Style Name="Superscript" ID="5974361E-D936-44BE-BFF7-99CFD3D2139B" Type="Char" Shortcut="8">
        <Format><![CDATA[{\rtf1\ansi\ansicpg1252\cocoartf2761
\cocoatextscaling0\cocoaplatform0{\fonttbl\f0\fnil\fcharset0 GretaTextPro-Regular;}
{\colortbl;\red255\green255\blue255;}
{\*\expandedcolortbl;;}
\deftab720
\pard\pardeftab720\sl480\slmult1\sa120\partightenfactor0

\f0\fs24 \cf0 \super Attributes}]]></Format>
    </Style>
    <Style Name="Subscript" ID="99134846-1452-492B-BC51-17A5B81B60E1" Type="Char" Shortcut="9">
        <Format><![CDATA[{\rtf1\ansi\ansicpg1252\cocoartf2761
\cocoatextscaling0\cocoaplatform0{\fonttbl\f0\fnil\fcharset0 GretaTextPro-Regular;}
{\colortbl;\red255\green255\blue255;}
{\*\expandedcolortbl;;}
\deftab720
\pard\pardeftab720\sl480\slmult1\sa120\partightenfactor0

\f0\fs24 \cf0 \sub Attributes}]]></Format>
    </Style>
    <Style Name="Strong Emphasis" ID="366DA38A-96D7-48D6-996C-2B7C4FD1E10E" Type="Char">
        <Format><![CDATA[{\rtf1\ansi\ansicpg1252\cocoartf2761
\cocoatextscaling0\cocoaplatform0{\fonttbl\f0\fnil\fcharset0 GraublauSlab-Regular;}
{\colortbl;\red255\green255\blue255;}
{\*\expandedcolortbl;;}
\deftab720
\pard\tx720\tx1440\tx2160\tx2880\tx3600\tx4320\tx5040\tx5760\tx6480\tx7200\tx7920\tx8640\tx9360\tx10080\tx10800\tx11520\pardeftab720\sl336\slmult1\pardirnatural\qj\partightenfactor0

\f0\i\b\fs28 \cf0 Attributes}]]></Format>
    </Style>
    <Style Name="Heading 3" ID="73FE587E-E43D-405D-9E1D-7F43CEE5C484" Type="Para+Char" FontChange="Face+Size">
        <Format><![CDATA[{\rtf1\ansi\ansicpg1252\cocoartf2761
\cocoatextscaling0\cocoaplatform0{\fonttbl\f0\fswiss\fcharset0 Helvetica;\f1\fnil\fcharset0 AvenirNext-DemiBold;}
{\colortbl;\red255\green255\blue255;}
{\*\expandedcolortbl;;}
\pard\tx560\tx1120\tx1680\tx2240\tx2800\tx3360\tx3920\tx4480\tx5040\tx5600\tx6160\tx6720\sl288\slmult1\sb280\pardirnatural\partightenfactor0

\f0\fs24 \cf0 <$Scr_H::2>
\f1\b\fs36 Attributes
\f0\b0\fs24 <!$Scr_H::2>}]]></Format>
    </Style>
    <Style Name="Maths Block" ID="D5F34812-EED4-45C9-9F59-DBF9AB5A8935" Type="Para+Char" FontChange="Face+Size" Box="0.96044 0.909101 0.999798">
        <Format><![CDATA[{\rtf1\ansi\ansicpg1252\cocoartf2761
\cocoatextscaling0\cocoaplatform0{\fonttbl\f0\fnil\fcharset0 Menlo-Regular;}
{\colortbl;\red255\green255\blue255;}
{\*\expandedcolortbl;;}
\deftab720
\pard\tx720\tx1440\tx2160\tx2880\tx3600\tx4320\tx5040\tx5760\tx6480\tx7200\tx7920\tx8640\tx9360\tx10080\tx10800\tx11520\pardeftab720\sl264\slmult1\pardirnatural\partightenfactor0

\f0\fs24 \cf0 Attributes}]]></Format>
    </Style>
    <Style Name="Maths Inline" ID="E6257745-7A4E-403C-9B5F-222CDF9FB3B0" Type="Char" FontChange="Face" Box="0.943166 0.888294 0.99975">
        <Format><![CDATA[{\rtf1\ansi\ansicpg1252\cocoartf2761
\cocoatextscaling0\cocoaplatform0{\fonttbl\f0\fnil\fcharset0 Menlo-Regular;}
{\colortbl;\red255\green255\blue255;}
{\*\expandedcolortbl;;}
\pard\tx0\tx0\tx567\tx1134\tx1701\sl312\slmult1\pardirnatural\qj\partightenfactor0

\f0\fs24 \cf0 Attributes}]]></Format>
    </Style>
    <Style Name="Raw LaTeX" ID="7E286B5E-A7A8-4EEF-B38F-927378E72065" Type="Para+Char" FontChange="Face+Size" Box="0.898239 0.843665 1.0">
        <Format><![CDATA[{\rtf1\ansi\ansicpg1252\cocoartf2761
\cocoatextscaling0\cocoaplatform0{\fonttbl\f0\fnil\fcharset0 FiraCode-Retina;}
{\colortbl;\red255\green255\blue255;}
{\*\expandedcolortbl;;}
\pard\tx566\tx1133\tx1700\tx2267\tx2834\tx3401\tx3968\tx4535\sl288\slmult1\partightenfactor0

\f0\fs20 \cf0 \AppleTypeServicesU1 Attributes}]]></Format>
    </Style>
    <Style Name="Raw HTML" ID="37216CDF-3A60-42EA-A62E-EB2342C35BDD" Type="Para+Char" FontChange="Face+Size" Box="0.965897 0.995131 0.940803">
        <Format><![CDATA[{\rtf1\ansi\ansicpg1252\cocoartf2761
\cocoatextscaling0\cocoaplatform0{\fonttbl\f0\fnil\fcharset0 FiraCode-Retina;}
{\colortbl;\red255\green255\blue255;}
{\*\expandedcolortbl;;}
\pard\tx566\tx1133\tx1700\tx2267\tx2834\tx3401\tx3968\tx4535\sl288\slmult1\partightenfactor0

\f0\fs20 \cf0 \AppleTypeServicesU1 Attributes}]]></Format>
    </Style>
    <Style Name="Small Caps" ID="749BF7BB-980D-4A61-BA15-E881A42D453C" Type="Char" FontChange="Size">
        <Format><![CDATA[{\rtf1\ansi\ansicpg1252\cocoartf2761
\cocoatextscaling0\cocoaplatform0{\fonttbl\f0\fnil\fcharset0 AvenirNext-Regular;}
{\colortbl;\red255\green255\blue255;}
{\*\expandedcolortbl;;}
\deftab720
\pard\tx720\tx1440\tx2160\tx2880\tx3600\tx4320\tx5040\tx5760\tx6480\tx7200\tx7920\tx8640\tx9360\tx10080\tx10800\tx11520\pardeftab720\sl336\slmult1\pardirnatural\qj\partightenfactor0

\f0\fs28 \AppleTypeServices\AppleTypeServicesF2424833 \cf0 Attributes}]]></Format>
    </Style>
    <Style Name="Meta-data" ID="7C86AB67-D148-4E18-88DD-90E7DD91243F" Type="Para+Char" FontChange="Face+Size" Box="0.657512 0.837426 0.848944" Next="7C86AB67-D148-4E18-88DD-90E7DD91243F">
        <Format><![CDATA[{\rtf1\ansi\ansicpg1252\cocoartf2761
\cocoatextscaling0\cocoaplatform0{\fonttbl\f0\fnil\fcharset0 Menlo-Regular;}
{\colortbl;\red255\green255\blue255;}
{\*\expandedcolortbl;;}
\pard\tx566\tx1133\tx1700\tx2267\tx2834\tx3401\tx3968\tx4535\sl312\slmult1\partightenfactor0

\f0\fs24 \cf0 Attributes}]]></Format>
    </Style>
    <Style Name="Ruby Code" ID="85EF8E69-E1A8-4686-84E4-AE982CEF6F47" Type="Para+Char" FontChange="Face+Size" Box="0.719611 0.989449 0.872966" Next="85EF8E69-E1A8-4686-84E4-AE982CEF6F47">
        <Format><![CDATA[{\rtf1\ansi\ansicpg1252\cocoartf2761
\cocoatextscaling0\cocoaplatform0{\fonttbl\f0\fnil\fcharset0 Menlo-Regular;}
{\colortbl;\red255\green255\blue255;\red0\green0\blue0;}
{\*\expandedcolortbl;;\csgray\c0;}
\deftab720
\pard\tx720\tx1080\tx1440\tx1800\tx2160\pardeftab720\li720\fi-720\pardirnatural\partightenfactor0

\f0\fs22 \cf2 Attributes}]]></Format>
    </Style>
    <Style Name="InfoBox" ID="C080ADB7-5E21-475A-B124-913AD6B039CC" Type="Para+Char" FontChange="Face+Size" Box="0.930451 1.0 0.079753">
        <Format><![CDATA[{\rtf1\ansi\ansicpg1252\cocoartf2761
\cocoatextscaling0\cocoaplatform0{\fonttbl\f0\fnil\fcharset0 AvenirNext-Regular;}
{\colortbl;\red255\green255\blue255;\red255\green252\blue128;}
{\*\expandedcolortbl;;\csgenericrgb\c100000\c98700\c50000;}
\deftab720
\pard\tx720\tx1440\tx2160\tx2880\tx3600\tx4320\tx5040\tx5760\tx6480\tx7200\tx7920\tx8640\tx9360\tx10080\tx10800\tx11520\pardeftab720\sl336\slmult1\pardirnatural\qc\partightenfactor0

\f0\fs28 \cf0 \cb2 Attributes}]]></Format>
    </Style>
    <Style Name="WarningBox" ID="55E9AB5F-33BC-4824-8D6C-E196A9619D01" Type="Para+Char" FontChange="Face+Size" Box="0.984322 0.329319 0.417877">
        <Format><![CDATA[{\rtf1\ansi\ansicpg1252\cocoartf2761
\cocoatextscaling0\cocoaplatform0{\fonttbl\f0\fnil\fcharset0 AvenirNext-Regular;}
{\colortbl;\red255\green255\blue255;\red255\green252\blue128;}
{\*\expandedcolortbl;;\csgenericrgb\c100000\c98700\c50000;}
\deftab720
\pard\tx720\tx1440\tx2160\tx2880\tx3600\tx4320\tx5040\tx5760\tx6480\tx7200\tx7920\tx8640\tx9360\tx10080\tx10800\tx11520\pardeftab720\sl336\slmult1\pardirnatural\qc\partightenfactor0

\f0\fs28 \cf0 \cb2 Attributes}]]></Format>
    </Style>
    <Style Name="Underline" ID="68890488-D156-45F3-AA07-28255844C9C4" Type="Char">
        <Format><![CDATA[{\rtf1\ansi\ansicpg1252\cocoartf2761
\cocoatextscaling0\cocoaplatform0{\fonttbl\f0\fnil\fcharset0 AvenirNext-Regular;}
{\colortbl;\red255\green255\blue255;}
{\*\expandedcolortbl;;}
\deftab720
\pard\tx220\tx720\tx1440\tx2160\tx2880\tx3600\tx4320\tx5040\tx5760\tx6480\tx7200\tx7920\tx8640\tx9360\tx10080\tx10800\tx11520\pardeftab720\li720\fi-720\sl336\slmult1\pardirnatural\qj\partightenfactor0

\f0\fs28 \cf0 \ul \ulc0 Attributes}]]></Format>
        <Lists>
            <ListItem>{disc}</ListItem>
        </Lists>
    </Style>
    <Style Name="Table Caption" ID="A4D25734-0E03-4BB9-9230-E80CCD3739E6" Type="Para+Char" FontChange="Face+Size" Box="0.99797 0.904798 0.691679">
        <Format><![CDATA[{\rtf1\ansi\ansicpg1252\cocoartf2761
\cocoatextscaling0\cocoaplatform0{\fonttbl\f0\fnil\fcharset0 AvenirNext-Regular;}
{\colortbl;\red255\green255\blue255;}
{\*\expandedcolortbl;;}
\pard\tx560\tx1120\tx1680\tx2240\tx2800\tx3360\tx3920\tx4480\tx5040\tx5600\tx6160\tx6720\sl264\slmult1\sa180\pardirnatural\partightenfactor0

\f0\fs24 \cf0 Attributes}]]></Format>
    </Style>
    <Style Name="Block" ID="9A108DA9-A37D-4431-837E-5DEBD6B90664" Type="Para+Char" FontChange="Face+Size" Next="9A108DA9-A37D-4431-837E-5DEBD6B90664">
        <Format><![CDATA[{\rtf1\ansi\ansicpg1252\cocoartf2761
\cocoatextscaling0\cocoaplatform0{\fonttbl\f0\fnil\fcharset0 Menlo-Regular;}
{\colortbl;\red255\green255\blue255;\red196\green223\blue175;}
{\*\expandedcolortbl;;\cssrgb\c80800\c89400\c74100;}
\pard\tx0\sl312\slmult1\pardirnatural\partightenfactor0

\f0\fs24 \cf0 \cb2 Attributes}]]></Format>
    </Style>
    <Style Name="Raw Markdown" ID="30043EE5-CEC7-481B-BFD3-86312FC5522E" Type="Para+Char" FontChange="Face+Size" Next="30043EE5-CEC7-481B-BFD3-86312FC5522E">
        <Format><![CDATA[{\rtf1\ansi\ansicpg1252\cocoartf2761
\cocoatextscaling0\cocoaplatform0{\fonttbl\f0\fnil\fcharset0 Menlo-Regular;}
{\colortbl;\red255\green255\blue255;\red26\green26\blue26;\red202\green202\blue202;}
{\*\expandedcolortbl;;\csgray\c13700;\csgray\c83000;}
\deftab720
\pard\pardeftab720\partightenfactor0

\f0\fs24 \cf2 \cb3 \expnd0\expndtw0\kerning0
Attributes}]]></Format>
    </Style>
    <Style Name="Aside" ID="735E73BC-3E8A-4203-B689-2DA096CDD231" Type="Char" Box="0.921532 1.0 0.938182">
        <Format><![CDATA[{\rtf1\ansi\ansicpg1252\cocoartf2761
\cocoatextscaling0\cocoaplatform0{\fonttbl\f0\fnil\fcharset0 Menlo-Regular;}
{\colortbl;\red255\green255\blue255;}
{\*\expandedcolortbl;;}
\deftab720
\pard\pardeftab720\partightenfactor0

\f0\fs24 \cf0 Attributes}]]></Format>
    </Style>
    <Style Name="Generic Code" ID="3AF276E3-4027-440A-BF5E-006D7C3EC0CF" Type="Para+Char" FontChange="Face+Size" Next="3AF276E3-4027-440A-BF5E-006D7C3EC0CF">
        <Format><![CDATA[{\rtf1\ansi\ansicpg1252\cocoartf2761
\cocoatextscaling0\cocoaplatform0{\fonttbl\f0\fnil\fcharset0 Menlo-Regular;}
{\colortbl;\red255\green255\blue255;\red192\green239\blue251;}
{\*\expandedcolortbl;;\cssrgb\c79200\c94900\c98800;}
\pard\tx0\tx0\tx567\tx1134\tx1701\sl312\slmult1\pardirnatural\qj\partightenfactor0

\f0\fs24 \cf0 \cb2 Attributes}]]></Format>
    </Style>
    <Style Name="Editor-only Comment" ID="CAFF8E13-7BE6-4E7E-801E-27FA364D95EF" Type="Char" FontChange="Face+Size">
        <Format><![CDATA[{\rtf1\ansi\ansicpg1252\cocoartf2761
\cocoatextscaling0\cocoaplatform0{\fonttbl\f0\fnil\fcharset0 AvenirNext-Italic;}
{\colortbl;\red255\green255\blue255;\red78\green78\blue78;}
{\*\expandedcolortbl;;\csgray\c38000;}
\pard\tx566\tx1133\tx1700\tx2267\tx2834\tx3401\tx3968\tx4535\sl360\slmult1\partightenfactor0

\f0\i\fs20 \cf2 Attributes}]]></Format>
    </Style>
    <Style Name="Typst Comment" ID="AF0751A4-8487-46A3-9D9F-7427BA8CA643" Type="Para+Char" FontChange="Face+Size" Box="0.849881 0.84839 0.937023">
        <Format><![CDATA[{\rtf1\ansi\ansicpg1252\cocoartf2761
\cocoatextscaling0\cocoaplatform0{\fonttbl\f0\fnil\fcharset0 AvenirNext-Regular;}
{\colortbl;\red255\green255\blue255;}
{\*\expandedcolortbl;;}
\pard\tx560\tx1140\tx1680\tx2260\sl312\slmult1\pardirnatural\partightenfactor0

\f0\fs24 \cf0 Attributes}]]></Format>
    </Style>
    <Style Name="Angled Text" ID="EA418A0D-13E0-4627-B435-86D3A8E1F2CB" Type="Para+Char" Box="0.709104 1.0 0.936979">
        <Format><![CDATA[{\rtf1\ansi\ansicpg1252\cocoartf2761
\cocoatextscaling0\cocoaplatform0{\fonttbl\f0\fnil\fcharset0 AvenirNext-Regular;}
{\colortbl;\red255\green255\blue255;}
{\*\expandedcolortbl;;}
\pard\tx560\tx1140\tx1680\tx2260\sl312\slmult1\pardirnatural\partightenfactor0

\f0\fs24 \cf0 Attributes}]]></Format>
    </Style>
    <Style Name="Inline Typst" ID="43707A26-1B7A-4423-950A-04F7CC6F073A" Type="Char" Box="0.630847 0.919484 0.999338">
        <Format><![CDATA[{\rtf1\ansi\ansicpg1252\cocoartf2761
\cocoatextscaling0\cocoaplatform0{\fonttbl\f0\fnil\fcharset0 AvenirNext-Regular;}
{\colortbl;\red255\green255\blue255;}
{\*\expandedcolortbl;;}
\pard\tx560\tx1140\tx1680\tx2260\sl312\slmult1\pardirnatural\partightenfactor0

\f0\fs24 \cf0 Attributes}]]></Format>
    </Style>
    <Style Name="Typst Columns" ID="29BDE954-BBAA-49C3-80E0-9BFE9C49D6ED" Type="Para+Char" Box="0.932801 1.0 0.589988">
        <Format><![CDATA[{\rtf1\ansi\ansicpg1252\cocoartf2761
\cocoatextscaling0\cocoaplatform0{\fonttbl\f0\fnil\fcharset0 AvenirNext-Regular;}
{\colortbl;\red255\green255\blue255;}
{\*\expandedcolortbl;;}
\pard\tx560\tx1140\tx1680\tx2260\sl312\slmult1\pardirnatural\partightenfactor0

\f0\fs24 \cf0 Attributes}]]></Format>
    </Style>
    <Style Name="Raw Typst" ID="D7780D89-11E8-4B59-999D-2C9E7F42EF37" Type="Para+Char" FontChange="Face" Box="0.74554 1.0 0.878065">
        <Format><![CDATA[{\rtf1\ansi\ansicpg1252\cocoartf2761
\cocoatextscaling0\cocoaplatform0{\fonttbl\f0\fnil\fcharset0 Menlo-Regular;}
{\colortbl;\red255\green255\blue255;\red26\green26\blue26;}
{\*\expandedcolortbl;;\csgray\c13700;}
\deftab720
\pard\pardeftab720\partightenfactor0

\f0\fs22 \cf2 \expnd0\expndtw0\kerning0
Attributes}]]></Format>
    </Style>
    <Style Name="Citation" ID="E9D34DF3-AC0F-4DB4-BF37-3C36469188AB" Type="Char">
        <Format><![CDATA[{\rtf1\ansi\ansicpg1252\cocoartf2761
\cocoatextscaling0\cocoaplatform0{\fonttbl\f0\fnil\fcharset0 AvenirNext-Italic;}
{\colortbl;\red255\green255\blue255;\red255\green245\blue145;}
{\*\expandedcolortbl;;\cssrgb\c100000\c96100\c63500;}
\pard\tx560\tx1140\tx1680\tx2260\sl312\slmult1\pardirnatural\partightenfactor0

\f0\i\fs24 \AppleTypeServices\AppleTypeServicesF1376256 \cf0 \cb2 Attributes}]]></Format>
    </Style>
    <Style Name="Label" ID="70CD3351-66A8-4583-BBA8-5A2A9743DC23" Type="Char" FontChange="Face" Box="0.641972 1.0 0.785196">
        <Format><![CDATA[{\rtf1\ansi\ansicpg1252\cocoartf2761
\cocoatextscaling0\cocoaplatform0{\fonttbl\f0\fnil\fcharset0 Menlo-Regular;}
{\colortbl;\red255\green255\blue255;}
{\*\expandedcolortbl;;}
\deftab720
\pard\tx560\tx1140\tx1680\tx2260\pardeftab720\sl312\slmult1\pardirnatural\qr\partightenfactor0

\f0\fs24 \cf0 Attributes}]]></Format>
    </Style>
    <Style Name="Cross Reference" ID="7EC1CEE8-FBD6-45F9-A48F-F06FAA35ABB4" Type="Char" Box="0.793822 1.0 0.856892">
        <Format><![CDATA[{\rtf1\ansi\ansicpg1252\cocoartf2761
\cocoatextscaling0\cocoaplatform0{\fonttbl\f0\fnil\fcharset0 AvenirNext-Bold;}
{\colortbl;\red255\green255\blue255;}
{\*\expandedcolortbl;;}
\pard\tx560\tx1140\tx1680\tx2260\sl312\slmult1\pardirnatural\partightenfactor0

\f0\b\fs24 \cf0 Attributes}]]></Format>
    </Style>
    <Style Name="Index Key" ID="5BCF0720-A8A3-4CD6-98FE-9D605BB7D694" Type="Char" FontChange="Size" Box="0.9 0.9 0.99982">
        <Format><![CDATA[{\rtf1\ansi\ansicpg1252\cocoartf2761
\cocoatextscaling0\cocoaplatform0{\fonttbl\f0\fnil\fcharset0 AvenirNext-Regular;}
{\colortbl;\red255\green255\blue255;\red105\green105\blue105;}
{\*\expandedcolortbl;;\csgray\c48800;}
\deftab720
\pard\tx560\tx1120\tx1680\tx2240\tx2800\tx3360\tx3920\tx4480\tx5040\tx5600\tx6160\tx6720\pardeftab720\sl264\slmult1\sa180\pardirnatural\partightenfactor0

\f0\fs16 \cf2 Attributes}]]></Format>
    </Style>
    <Style Name="Index Term" ID="5CE7458E-89CC-438B-985A-2BE162653043" Type="Char" Box="0.9 0.9 0.99982">
        <Format><![CDATA[{\rtf1\ansi\ansicpg1252\cocoartf2761
\cocoatextscaling0\cocoaplatform0{\fonttbl\f0\fnil\fcharset0 AvenirNext-Regular;}
{\colortbl;\red255\green255\blue255;}
{\*\expandedcolortbl;;}
\pard\tx560\tx1140\tx1680\tx2260\sl312\slmult1\pardirnatural\partightenfactor0

\f0\fs24 \cf0 Attributes}]]></Format>
    </Style>
</Styles>